year_local,area,year,10a당 생산량 (kg),3월 일산화탄소,10월 이산화질소,11월 일산화탄소,12월 아황산가스,습도 1월,12월 일산화탄소,4월 일산화탄소,강수량 5월,일조시간 8월,2월 오존,최고기온 3월,일조시간 7월,최고기온 2월,아연 Zn
2010_부산광역시,부산광역시,2010,7163,0.4,0.021,0.4666666666666666,0.006333333333333333,40.709677419354854,0.4666666666666666,0.4,6.025806451612903,4.451612903225806,0.024,11.545161290322582,2.7096774193548385,10.010714285714286,36.4335
2011_부산광역시,부산광역시,2011,7393,0.4,0.019,0.5,0.006999999999999999,33.645161290322584,0.5,0.4,5.483870967741934,6.903225806451613,0.024,12.52258064516129,5.32258064516129,10.860714285714288,40.26300000000001
2012_부산광역시,부산광역시,2012,6303,0.4,0.021,0.4,0.006,41.774193548387096,0.4,0.4,1.164516129032258,3.9032258064516134,0.022000000000000002,12.319354838709677,5.67741935483871,7.196551724137932,37.4875515
2013_부산광역시,부산광역시,2013,8265,0.5,0.023,0.5,0.006,41.709677419354854,0.5,0.4,6.483870967741934,7.064516129032258,0.025,14.683870967741935,7.225806451612903,9.278571428571428,39.935
2014_부산광역시,부산광역시,2014,7271,0.4,0.018000000000000002,0.4,0.006999999999999999,41.41935483870968,0.4,0.4,4.706451612903226,9.258064516129034,0.027000000000000003,14.509677419354842,7.096774193548387,9.921428571428573,41.0495
2015_부산광역시,부산광역시,2015,6584,0.4,0.018000000000000002,0.4,0.006,53.41935483870968,0.4,0.4,5.903225806451613,3.870967741935484,0.026000000000000002,14.341935483870964,6.161290322580645,10.203571428571426,41.924011
2016_부산광역시,부산광역시,2016,7445,0.4,0.021,0.4,0.005,49.161290322580655,0.5,0.4,3.5096774193548392,7.096774193548387,0.027000000000000003,14.400000000000002,6.129032258064518,10.427586206896553,47.1055
2017_부산광역시,부산광역시,2017,6082,0.4,0.018000000000000002,0.4,0.005,46.12903225806453,0.5,0.4,1.2645161290322582,9.483870967741936,0.031,13.890322580645163,7.580645161290323,10.767857142857142,42.51600000000001
2018_부산광역시,부산광역시,2018,4881,0.4,0.016,0.4,0.004,44.774193548387096,0.4,0.3,5.025806451612904,7.451612903225808,0.027000000000000003,14.446666666666667,6.387096774193548,8.867857142857146,61.88112
2019_부산광역시,부산광역시,2019,6463,0.4,0.019,0.4,0.004,36.75,0.4,0.4,2.454838709677419,8.451612903225808,0.028999999999999998,15.207142857142859,9.290322580645162,11.3,46.89522620000001
2010_대구광역시,대구광역시,2010,5181,0.5,0.02766666666666667,0.6,0.006333333333333333,47.483870967741936,0.6333333333333333,0.5,3.1451612903225805,3.967741935483871,0.018000000000000002,11.138709677419353,2.548387096774193,8.689285714285713,62.5277955
2011_대구광역시,대구광역시,2011,5379,0.5,0.026000000000000002,0.7,0.006999999999999999,38.096774193548384,0.7,0.5,5.058064516129033,4.709677419354839,0.017,12.603225806451617,3.7741935483870965,9.482142857142858,69.858963
2012_대구광역시,대구광역시,2012,3901,0.5,0.031,0.6,0.006,46.516129032258064,0.5,0.4,1.632258064516129,3.2258064516129035,0.02,12.712903225806453,4.064516129032258,5.93793103448276,63.03106800000001
2013_대구광역시,대구광역시,2013,6909,0.5,0.026000000000000002,0.5,0.006,51.516129032258064,0.7,0.4,2.274193548387097,6.129032258064518,0.019,16.625806451612902,6.548387096774192,7.4678571428571425,67.284033
2014_대구광역시,대구광역시,2014,6089,0.5,0.023,0.5,0.006,40.12903225806452,0.6,0.4,0.7870967741935483,8.0,0.021,15.270967741935484,6.806451612903228,9.346428571428572,72.608734
2015_대구광역시,대구광역시,2015,4328,0.5,0.026000000000000002,0.5,0.005,56.61290322580646,0.5,0.4,1.1193548387096774,4.0,0.019,15.451612903225806,6.258064516129032,9.035714285714286,64.660484
2016_대구광역시,대구광역시,2016,7108,0.4,0.022000000000000002,0.4,0.004,57.74193548387096,0.6,0.4,2.096774193548387,5.806451612903228,0.022000000000000002,14.538709677419355,4.806451612903227,8.303448275862069,78.7828445
2017_대구광역시,대구광역시,2017,8734,0.5,0.019,0.5,0.004,51.45161290322582,0.6,0.4,1.0677419354838709,8.483870967741936,0.024,13.948387096774194,5.612903225806452,8.757142857142862,73.0047675
2018_대구광역시,대구광역시,2018,9368,0.4,0.018000000000000002,0.5,0.004,48.645161290322584,0.6,0.4,3.2161290322580647,6.67741935483871,0.023,15.566666666666665,4.516129032258065,7.139285714285713,75.40143
2019_대구광역시,대구광역시,2019,8426,0.5,0.021,0.6,0.004,40.32142857142857,0.6,0.4,0.8290322580645161,7.064516129032258,0.024,15.632142857142856,7.354838709677418,9.1,72.89165200000002
2010_인천광역시,인천광역시,2010,7193,0.5,0.032,0.6666666666666666,0.008666666666666668,66.5,0.7333333333333334,0.5,3.9967741935483865,6.03225806451613,0.018000000000000002,8.348387096774191,5.725806451612903,4.800000000000002,40.26300000000001
2011_인천광역시,인천광역시,2011,3804,0.5,0.033,0.7,0.009000000000000001,55.25806451612904,0.7,0.5,2.55483870967742,4.258064516129032,0.016,8.141935483870968,4.467741935483871,5.307142857142859,35.103
2012_인천광역시,인천광역시,2012,3709,0.5,0.035,0.6,0.009000000000000001,53.37096774193547,0.7,0.5,0.3887096774193549,3.741935483870968,0.02,8.733870967741936,3.129032258064516,2.758620689655172,39.935
2013_인천광역시,인천광역시,2013,2294,0.6,0.027999999999999997,0.7,0.008,70.30645161290322,0.8,0.6,4.827419354838709,5.129032258064517,0.02,8.748387096774191,4.306451612903226,1.9,39.935
2014_인천광역시,인천광역시,2014,4072,0.6,0.028999999999999998,0.7,0.009000000000000001,64.54838709677419,0.8,0.5,2.6403225806451616,6.983870967741934,0.021,11.43387096774193,2.693548387096774,5.160714285714287,41.0495
2015_인천광역시,인천광역시,2015,2833,0.7,0.032,0.7,0.006999999999999999,67.69354838709678,0.7,0.6,0.920967741935484,5.225806451612904,0.02,10.185483870967744,5.774193548387097,4.883928571428571,39.956
2016_인천광역시,인천광역시,2016,6046,0.6,0.026000000000000002,0.7,0.006999999999999999,60.79032258064516,0.8,0.5,5.490322580645162,6.82258064516129,0.021,10.69032258064516,5.370967741935483,4.570689655172413,50.3423925
2017_인천광역시,인천광역시,2017,5569,0.7,0.025,0.7,0.006,59.11290322580646,0.8,0.6,0.7774193548387096,7.983870967741934,0.023,10.543548387096779,5.46774193548387,4.035714285714286,43.6425715
2019_인천광역시,인천광역시,2019,6477,0.6,0.026000000000000002,0.7,0.005,48.67857142857143,0.6,0.5,1.2290322580645159,7.870967741935482,0.023,10.798214285714282,8.064516129032258,5.021428571428571,42.9850928
2010_광주광역시,광주광역시,2010,4996,0.5,0.021666666666666667,0.6333333333333333,0.004666666666666667,68.74193548387096,0.6333333333333333,0.5,3.193548387096774,4.709677419354839,0.019,11.82258064516129,2.935483870967741,8.957142857142857,45.681528
2011_광주광역시,광주광역시,2011,5574,0.5,0.021,0.6,0.005,60.25806451612904,0.7,0.5,4.609677419354838,4.064516129032258,0.02,11.370967741935484,3.290322580645161,9.071428571428571,61.2708705
2012_광주광역시,광주광역시,2012,7733,0.5,0.022000000000000002,0.7,0.004,64.41935483870968,0.6,0.4,1.3741935483870968,3.032258064516129,0.022000000000000002,11.74516129032258,3.838709677419355,5.262068965517243,46.1858535
2013_광주광역시,광주광역시,2013,7443,0.6,0.022000000000000002,0.6,0.005,66.12903225806451,0.6,0.5,2.790322580645161,5.96774193548387,0.024,15.319354838709677,5.225806451612904,7.042857142857144,43.45467100000001
2014_광주광역시,광주광역시,2014,6628,0.6,0.021,0.6,0.005,58.0,0.7,0.5,1.8387096774193548,8.612903225806452,0.024,14.529032258064516,5.451612903225807,9.650000000000002,54.126627
2015_광주광역시,광주광역시,2015,6603,0.5,0.02,0.6,0.004,65.64516129032258,0.9,0.5,1.5677419354838709,4.096774193548387,0.026000000000000002,14.729032258064516,5.483870967741934,7.828571428571429,54.42689300000001
2016_광주광역시,광주광역시,2016,5700,0.5,0.021,0.5,0.003,69.12903225806451,0.6,0.4,3.370967741935484,5.67741935483871,0.028999999999999998,14.732258064516133,4.774193548387096,8.203448275862067,49.760994
2017_광주광역시,광주광역시,2017,5580,0.5,0.019,0.6,0.003,65.90322580645162,0.6,0.4,0.9741935483870968,7.741935483870968,0.028999999999999998,13.758064516129036,6.290322580645161,8.417857142857144,42.51600000000001
2018_광주광역시,광주광역시,2018,5940,0.6,0.017,0.6,0.003,66.45161290322581,0.6,0.5,2.754838709677419,6.161290322580645,0.026000000000000002,16.53333333333334,4.0,7.1071428571428585,43.38242
2019_광주광역시,광주광역시,2019,6994,0.5,0.019,0.7,0.003,53.42857142857143,0.6,0.4,2.5419354838709682,7.451612903225808,0.027999999999999997,14.625000000000002,7.516129032258066,8.971428571428572,48.84258680000001
2010_대전광역시,대전광역시,2010,3990,0.5,0.025000000000000005,0.6,0.005666666666666667,66.54838709677419,0.7000000000000001,0.4,3.793548387096774,5.774193548387097,0.015,9.696774193548388,4.0,6.721428571428571,36.4335
2011_대전광역시,대전광역시,2011,6276,0.5,0.025,0.7,0.006,57.516129032258064,0.8,0.4,5.225806451612904,3.838709677419355,0.016,10.490322580645161,4.225806451612904,7.642857142857141,40.26300000000001
2012_대전광역시,대전광역시,2012,3936,0.5,0.024,0.6,0.005,60.483870967741936,0.7,0.4,0.7741935483870968,3.2580645161290325,0.018000000000000002,10.487096774193553,3.2580645161290325,4.458620689655173,35.103
2013_대전광역시,대전광역시,2013,4191,0.4,0.026000000000000002,0.5,0.006,73.64516129032258,0.6,0.4,3.561290322580645,6.290322580645161,0.02,13.670967741935485,6.258064516129032,5.146428571428571,39.935
2014_대전광역시,대전광역시,2014,6628,0.5,0.022000000000000002,0.5,0.006,65.16129032258064,0.7,0.4,1.6032258064516127,8.516129032258064,0.019,13.929032258064515,4.935483870967742,8.289285714285715,41.0495
2015_대전광역시,대전광역시,2015,5707,0.5,0.021,0.6,0.006,72.6774193548387,0.7,0.4,0.9322580645161292,4.129032258064516,0.021,14.267741935483867,5.870967741935482,7.225,39.956
2016_대전광역시,대전광역시,2016,6270,0.5,0.024,0.5,0.005,68.54838709677419,0.6,0.4,2.7451612903225806,7.419354838709677,0.02,14.077419354838707,5.935483870967742,7.017241379310348,47.1055
2017_대전광역시,대전광역시,2017,5243,0.5,0.019,0.6,0.004,67.2258064516129,0.6,0.4,0.9451612903225808,8.35483870967742,0.023,13.36129032258065,6.580645161290323,7.153571428571429,42.51600000000001
2018_대전광역시,대전광역시,2018,5570,0.4,0.018000000000000002,0.5,0.003,66.16129032258064,0.6,0.4,3.0935483870967744,6.32258064516129,0.023,14.936666666666673,4.67741935483871,5.625,42.21
2019_대전광역시,대전광역시,2019,5547,0.5,0.02,0.6,0.003,53.17857142857143,0.6,0.3,1.1483870967741936,7.129032258064518,0.016,13.971428571428573,8.193548387096774,7.760714285714285,42.567400000000006
2010_울산광역시,울산광역시,2010,4568,0.4,0.023000000000000003,0.5333333333333333,0.006333333333333333,46.67741935483871,0.6,0.5,4.429032258064517,4.806451612903227,0.021,11.009677419354839,2.967741935483871,9.175,40.26300000000001
2011_울산광역시,울산광역시,2011,4950,0.5,0.019,0.6,0.006999999999999999,40.645161290322584,0.6,0.5,3.7032258064516133,6.451612903225808,0.022000000000000002,12.587096774193547,5.258064516129032,9.457142857142856,35.709663
2012_울산광역시,울산광역시,2012,3970,0.6,0.024,0.5,0.006,52.03225806451614,0.6,0.6,1.2290322580645159,4.129032258064516,0.021,11.98064516129032,5.225806451612904,6.36551724137931,35.103
2013_울산광역시,울산광역시,2013,5889,0.6,0.026000000000000002,0.5,0.006,49.29032258064516,0.6,0.5,5.0032258064516135,5.645161290322582,0.025,16.090322580645164,5.645161290322582,8.985714285714286,39.935
2014_울산광역시,울산광역시,2014,5646,0.5,0.02,0.5,0.006,43.612903225806456,0.6,0.5,1.474193548387097,7.580645161290323,0.025,15.132258064516128,5.064516129032258,9.103571428571428,45.892105
2015_울산광역시,울산광역시,2015,5167,0.6,0.021,0.6,0.006,51.096774193548384,0.5,0.5,3.170967741935484,3.161290322580645,0.024,14.712903225806453,4.838709677419357,9.989285714285717,39.956
2016_울산광역시,울산광역시,2016,7445,0.5,0.022000000000000002,0.5,0.005,49.774193548387096,0.6,0.5,2.7774193548387096,6.096774193548387,0.026000000000000002,14.43870967741935,4.161290322580645,9.968965517241381,47.1055
2017_울산광역시,울산광역시,2017,6082,0.6,0.019,0.6,0.004,50.25806451612904,0.6,0.6,0.8483870967741935,8.96774193548387,0.027999999999999997,12.896774193548383,6.806451612903228,9.446428571428571,42.51600000000001
2018_울산광역시,울산광역시,2018,6451,0.6,0.016,0.7,0.004,47.0,0.6,0.5,3.07741935483871,7.225806451612903,0.03,14.57666666666667,5.483870967741934,7.614285714285713,52.8489
2019_울산광역시,울산광역시,2019,5984,0.5,0.018000000000000002,0.6,0.004,37.57142857142857,0.5,0.5,1.1290322580645162,7.903225806451613,0.03,15.657142857142858,8.548387096774192,10.132142857142858,45.663701
2010_경기도,경기도,2010,3464,0.6,0.033,0.6666666666666666,0.006999999999999999,70.07096774193549,0.7666666666666666,0.5,3.419354838709678,5.483870967741934,0.015,8.903870967741934,4.5032258064516135,5.677857142857143,36.4335
2011_경기도,경기도,2011,5405,0.5,0.033,0.7,0.006999999999999999,60.66451612903226,0.8,0.6,3.2283870967741937,3.329032258064516,0.013999999999999999,9.57161290322581,3.838709677419355,6.330714285714289,40.26300000000001
2012_경기도,경기도,2012,3278,0.6,0.036000000000000004,0.6,0.006999999999999999,59.8,0.7,0.5,0.8509677419354835,3.4709677419354836,0.017,10.258709677419356,2.967741935483871,3.831034482758621,35.103
2013_경기도,경기도,2013,5170,0.6,0.03,0.7,0.006999999999999999,69.52903225806453,0.8,0.6,4.148387096774194,5.329032258064517,0.019,11.880645161290314,4.670967741935483,3.5628571428571423,41.088251
2014_경기도,경기도,2014,4080,0.6,0.027999999999999997,0.6,0.006999999999999999,61.632258064516144,0.8,0.5,2.170322580645161,6.703225806451613,0.017,13.754838709677413,3.0516129032258066,6.8364285714285655,42.271132
2015_경기도,경기도,2015,4628,0.6,0.031,0.6,0.006,61.96774193548386,0.7,0.5,1.0219354838709676,4.645161290322581,0.019,12.978709677419353,5.670967741935482,6.0664285714285695,39.956
2016_경기도,경기도,2016,6046,0.6,0.032,0.6,0.005,56.6,0.7,0.5,4.440000000000001,6.67741935483871,0.019,13.359354838709676,5.380645161290324,5.8579310344827595,50.169457
2017_경기도,경기도,2017,4559,0.6,0.027000000000000003,0.6,0.005,61.30967741935484,0.7,0.5,0.7929032258064517,7.451612903225808,0.019,12.710967741935484,4.832258064516129,5.304285714285716,45.3444375
2018_경기도,경기도,2018,5502,0.5,0.025,0.5,0.005,56.096774193548384,0.6,0.4,6.733548387096772,5.064516129032258,0.02,13.937333333333326,3.9032258064516134,3.8364285714285717,47.54262
2019_경기도,경기도,2019,6545,0.6,0.025,0.6,0.004,48.0,0.6,0.4,0.9109677419354839,7.180645161290323,0.019,12.801428571428568,7.961290322580645,6.301428571428571,45.05672929999999
2010_강원도,강원도,2010,4036,0.6,0.019,0.7666666666666666,0.007333333333333333,56.99413489736071,0.8333333333333334,0.5,3.0712609970674487,5.035483870967743,0.021,6.719354838709682,4.138709677419355,4.427272727272729,43.3122505
2011_강원도,강원도,2011,5139,0.6,0.019,0.8,0.006999999999999999,47.85923753665689,0.9,0.5,3.339589442815248,2.9824046920821115,0.019,7.592082111436947,3.378299120234604,5.3207792207792215,44.88225900000001
2012_강원도,강원도,2012,4865,0.7,0.021,0.7,0.006999999999999999,53.4529411764706,0.7,0.5,1.2354838709677418,3.3372434017595314,0.021,7.753958944281519,2.4794117647058824,2.55360501567398,46.8052275
2013_강원도,강원도,2013,2892,0.7,0.017,0.8,0.008,59.91788856304985,0.9,0.6,2.676539589442816,4.155425219941349,0.024,10.141348973607053,4.612903225806452,3.1474025974025963,41.742268
2014_강원도,강원도,2014,3463,0.7,0.016,1.0,0.009000000000000001,55.477876106194685,1.1,0.6,1.1686217008797657,6.3841642228739,0.021,11.041935483870976,3.5882352941176467,4.7859477124183005,61.52784449999999
2015_강원도,강원도,2015,4025,0.7,0.019,0.9,0.008,58.180473372781066,0.9,0.5,0.6782991202346041,3.8797653958944287,0.022000000000000002,10.957184750733132,6.067448680351906,4.878896103896103,39.956
2016_강원도,강원도,2016,6224,0.6,0.02,0.7,0.006,50.331378299120225,0.9,0.4,2.2058651026392964,6.149560117302053,0.024,10.515249266862169,4.9823008849557535,4.15862068965517,47.1055
2017_강원도,강원도,2017,5911,0.5,0.018000000000000002,0.7,0.005,59.61612903225807,0.8,0.4,0.8216129032258064,7.029032258064516,0.024,10.718709677419355,4.722929936305731,5.010714285714285,42.51600000000001
2018_강원도,강원도,2018,5542,0.5,0.015,0.6,0.004,52.93870967741936,0.7,0.4,5.554193548387097,4.516129032258065,0.026000000000000002,12.272999999999987,4.54516129032258,2.8471428571428565,42.81512
2019_강원도,강원도,2019,6014,0.5,0.015,0.6,0.003,45.271428571428565,0.6,0.4,0.4874193548387097,6.361290322580645,0.027000000000000003,11.546785714285713,7.445161290322582,5.8024999999999975,46.78409290000001
2010_충청북도,충청북도,2010,3861,0.6,0.02433333333333333,0.7666666666666666,0.0066666666666666645,68.19354838709678,0.9,0.6,3.6403225806451616,5.104838709677419,0.016,8.608870967741936,3.6693548387096775,5.6160714285714235,40.26300000000001
2011_충청북도,충청북도,2011,3509,0.6,0.024,0.9,0.006999999999999999,59.766129032258064,1.0,0.5,4.47983870967742,3.612903225806452,0.015,9.537096774193547,3.8467741935483866,6.796428571428572,35.103
2012_충청북도,충청북도,2012,3856,0.6,0.025,0.7,0.006999999999999999,60.056451612903224,0.8,0.5,1.193548387096774,3.2096774193548385,0.018000000000000002,9.785483870967745,3.0080645161290325,3.20948275862069,39.935
2013_충청북도,충청북도,2013,4053,0.6,0.024,0.7,0.006,68.44354838709678,0.9,0.5,3.2661290322580645,4.854838709677419,0.022000000000000002,12.847580645161289,4.838709677419357,4.045535714285714,41.0495
2014_충청북도,충청북도,2014,4569,0.6,0.021,0.7,0.006,62.395161290322584,0.8,0.4,1.2129032258064514,6.46774193548387,0.019,13.08548387096774,3.725806451612904,6.9071428571428575,47.409782
2015_충청북도,충청북도,2015,3467,0.7,0.025,0.7,0.005,67.09677419354838,0.7,0.5,0.8983870967741936,3.629032258064516,0.02,13.227419354838705,5.040322580645161,6.076785714285713,47.7732855
2016_충청북도,충청북도,2016,5437,0.6,0.021,0.5,0.005,60.983870967741936,0.8,0.5,2.5435483870967746,6.435483870967742,0.02,12.820967741935474,5.056451612903227,5.501724137931031,42.51600000000001
2017_충청북도,충청북도,2017,3836,0.6,0.02,0.7,0.004,62.20967741935484,0.8,0.4,0.5943548387096774,7.693548387096772,0.021,12.106451612903221,5.338709677419357,5.748214285714285,42.21
2019_충청북도,충청북도,2019,4353,0.5,0.021,0.6,0.004,49.10714285714285,0.6,0.4,1.092741935483871,6.57258064516129,0.021,13.217857142857142,7.983870967741934,6.801785714285715,44.19171350000001
2010_충청남도,충청남도,2010,3990,0.5,0.019666666666666662,0.6,0.005333333333333333,70.99354838709678,0.6,0.5,4.006451612903226,5.851612903225808,0.022000000000000002,9.553548387096779,4.187096774193549,6.522857142857142,43.1099625
2011_충청남도,충청남도,2011,6276,0.5,0.019,0.6,0.005,62.012903225806454,0.6,0.5,3.669677419354839,4.258064516129032,0.019,9.424516129032261,4.438709677419356,7.142142857142859,38.136315
2012_충청남도,충청남도,2012,3936,0.5,0.02,0.6,0.006,64.73548387096774,0.6,0.4,0.5619354838709678,2.9741935483870967,0.02,9.754193548387097,3.1870967741935483,3.9406896551724144,42.590972
2013_충청남도,충청남도,2013,4191,0.5,0.02,0.6,0.005,73.15483870967742,0.6,0.5,3.829032258064516,5.193548387096773,0.024,11.970322580645163,5.329032258064517,4.487142857142858,42.920124
2014_충청남도,충청남도,2014,6628,0.5,0.016,0.5,0.005,67.33548387096774,0.6,0.5,1.4316129032258065,7.554838709677418,0.022000000000000002,12.92645161290323,3.819354838709677,7.639285714285713,45.58214
2015_충청남도,충청남도,2015,5707,0.5,0.02,0.7,0.005,73.05806451612905,0.7,0.4,1.2258064516129037,4.058064516129032,0.024,12.689677419354837,4.967741935483871,6.390714285714289,48.755323
2016_충청남도,충청남도,2016,6270,0.4,0.02,0.8,0.004,73.52903225806452,0.9,0.4,3.867741935483871,6.212903225806452,0.025,12.844516129032257,4.0193548387096785,6.227586206896551,45.08045
2017_충청남도,충청남도,2017,5243,0.6,0.022000000000000002,0.6,0.004,72.08387096774194,0.8,0.4,1.0883870967741935,7.52258064516129,0.025,12.109032258064516,5.47741935483871,6.082142857142856,45.4952875
2019_충청남도,충청남도,2019,5500,0.6,0.016,0.7,0.004,54.80714285714286,0.6,0.5,1.0,6.819354838709677,0.026000000000000002,12.899999999999993,7.9870967741935495,6.991428571428571,45.5666649
2010_전라북도,전라북도,2010,5849,0.5,0.017333333333333336,0.5,0.005,71.20276497695852,0.5333333333333333,0.4,3.645622119815668,5.741935483870968,0.02,10.184792626728113,3.4055299539170507,7.126020408163265,58.241487
2011_전라북도,전라북도,2011,5064,0.5,0.017,0.5,0.005,66.34562211981567,0.6,0.4,3.8741935483870975,4.253456221198157,0.019,9.628110599078342,4.110599078341013,7.343367346938773,50.3355825
2012_전라북도,전라북도,2012,5550,0.5,0.018000000000000002,0.5,0.005,67.42660550458716,0.5,0.4,0.9959183673469388,2.940092165898617,0.017,9.994470046082954,3.4816513761467887,4.168472906403943,57.752982
2013_전라북도,전라북도,2013,5179,0.5,0.017,0.5,0.005,69.53629032258064,0.5,0.4,3.260887096774194,4.846774193548387,0.024,13.365725806451616,4.866935483870968,5.375892857142858,57.3096025
2014_전라북도,전라북도,2014,6710,0.5,0.017,0.5,0.005,64.54435483870968,0.6,0.5,1.4786290322580646,7.69758064516129,0.022000000000000002,13.31088709677419,4.358870967741935,8.411160714285716,58.164934
2015_전라북도,전라북도,2015,5563,0.6,0.016,0.6,0.006,72.27016129032258,0.6,0.4,1.3290322580645162,3.173387096774193,0.024,13.058467741935482,4.495967741935483,6.6361607142857135,58.020674
2016_전라북도,전라북도,2016,6508,0.5,0.017,0.5,0.005,74.33467741935483,0.6,0.5,3.2923387096774195,6.100806451612903,0.027000000000000003,13.287500000000005,4.971774193548387,6.8685344827586245,54.17616999999999
2017_전라북도,전라북도,2017,6225,0.6,0.017,0.5,0.004,70.16935483870968,0.6,0.5,1.4661290322580642,7.681451612903228,0.03,12.223387096774195,6.104838709677418,7.241517857142861,49.9453625
2019_전라북도,전라북도,2019,7957,0.5,0.013000000000000001,0.6,0.004,60.339285714285715,0.5,0.4,1.8495967741935484,7.278225806451613,0.03,13.335267857142851,8.036290322580646,7.4133928571428624,55.52334860000001
2010_전라남도,전라남도,2010,6390,0.5,0.018666666666666668,0.5333333333333333,0.006999999999999999,61.0258064516129,0.5,0.5,4.266774193548386,4.942652329749103,0.024,9.642258064516133,3.4229390681003578,7.477857142857145,46.533525
2011_전라남도,전라남도,2011,6417,0.5,0.018000000000000002,0.5,0.008,55.35806451612903,0.6,0.4,3.3645161290322574,4.316129032258065,0.026000000000000002,9.432903225806447,2.8838709677419354,7.7550000000000034,40.832595
2012_전라남도,전라남도,2012,5441,0.5,0.02,0.5,0.006,56.77022653721683,0.4,0.5,1.2603225806451621,2.761290322580645,0.025,9.625161290322586,3.760517799352751,4.425172413793104,45.736202
2013_전라남도,전라남도,2013,5730,0.5,0.018000000000000002,0.6,0.006999999999999999,55.33225806451613,0.5,0.5,5.120645161290323,4.248387096774193,0.028999999999999998,10.719032258064516,3.7741935483870965,5.4239285714285685,45.936028
2014_전라남도,전라남도,2014,6319,0.5,0.015,0.5,0.006999999999999999,52.14052287581699,0.5,0.5,2.8764516129032254,6.580645161290323,0.028999999999999998,10.2441935483871,3.883116883116883,6.837681159420292,47.92118
2015_전라남도,전라남도,2015,5923,0.6,0.016,0.5,0.005,54.957236842105246,0.5,0.6,3.179032258064517,2.829032258064516,0.028999999999999998,10.424516129032256,3.332258064516129,6.036071428571428,44.57232
2016_전라남도,전라남도,2016,5981,0.5,0.016,0.5,0.006,56.91612903225806,0.6,0.5,3.1270967741935487,4.9645161290322575,0.032,10.180967741935481,3.973856209150327,6.218965517241381,52.5656285
2017_전라남도,전라남도,2017,5578,0.5,0.015,0.5,0.006,68.06854838709678,0.6,0.5,0.8516129032258063,9.141129032258064,0.028999999999999998,12.410887096774195,6.09765625,8.146875000000003,46.815225
2019_전라남도,전라남도,2019,6873,0.5,0.013000000000000001,0.6,0.005,56.46875,0.5,0.5,4.2290322580645165,6.808943089430894,0.031,13.471428571428573,7.30241935483871,8.386607142857143,47.5620763
2010_경상북도,경상북도,2010,6613,0.5,0.016333333333333342,0.6333333333333333,0.006333333333333333,57.29838709677418,0.6999999999999998,0.4,3.9373655913978496,4.612903225806452,0.022000000000000002,9.363709677419351,3.650537634408602,6.716666666666668,58.3296525
2011_경상북도,경상북도,2011,7067,0.5,0.013999999999999999,0.7,0.006,46.145161290322584,0.7,0.5,4.712903225806452,7.252688172043011,0.022000000000000002,10.703225806451618,4.57258064516129,7.825297619047617,64.1155995
2012_경상북도,경상북도,2012,6433,0.5,0.018000000000000002,0.7,0.006,55.024193548387096,0.7,0.5,1.4384408602150545,3.645161290322581,0.023,10.59005376344086,3.870967741935484,4.740517241379312,56.301102
2013_경상북도,경상북도,2013,7464,0.6,0.017,0.5,0.006999999999999999,59.196236559139784,0.7,0.5,3.719354838709677,4.5,0.027000000000000003,14.088709677419352,5.771505376344086,6.036309523809518,60.129378
2014_경상북도,경상북도,2014,7193,0.6,0.017,0.5,0.006999999999999999,52.403225806451616,0.7,0.6,1.0596774193548388,7.521505376344086,0.024,13.281451612903233,4.67741935483871,7.1848214285714285,66.1282585
2015_경상북도,경상북도,2015,6463,0.7,0.017,0.7,0.006999999999999999,59.91397849462365,0.7,0.6,0.9352150537634408,3.4623655913978486,0.026000000000000002,13.469892473118279,5.889784946236559,7.25863095238095,64.007464
2016_경상북도,경상북도,2016,7117,0.6,0.018000000000000002,0.6,0.006999999999999999,53.25,0.7,0.6,1.7696236559139784,6.379032258064518,0.027999999999999997,13.206989247311823,5.752688172043011,6.938793103448279,65.489242
2017_경상북도,경상북도,2017,5974,0.6,0.015,0.6,0.005,54.185483870967744,0.7,0.5,0.711559139784946,8.083333333333334,0.03,12.76236559139785,5.502688172043011,7.7145833333333425,62.083984
2018_경상북도,경상북도,2018,6296,0.5,0.013999999999999999,0.5,0.004,50.543010752688176,0.5,0.5,3.3637096774193567,5.827956989247313,0.027999999999999997,14.334444444444443,5.034946236559139,6.017857142857142,64.5238
2019_경상북도,경상북도,2019,7471,0.4,0.015,0.5,0.004,43.214285714285715,0.5,0.4,1.210483870967742,6.629032258064518,0.03,14.288690476190474,8.026881720430108,8.360714285714286,64.44654969999999
2010_경상남도,경상남도,2010,7153,0.4,0.02,0.5,0.005,54.14695340501792,0.4666666666666666,0.4,5.551612903225807,4.3476702508960585,0.021,11.28136200716846,3.089605734767025,9.085714285714287,65.5937
2011_경상남도,경상남도,2011,7382,0.4,0.019,0.6,0.005,44.20430107526881,0.5,0.4,5.262007168458784,5.039426523297491,0.021,12.240143369175634,3.7204301075268815,9.929761904761897,73.409049
2012_경상남도,경상남도,2012,6277,0.5,0.02,0.4,0.005,52.691756272401435,0.4,0.4,1.7405017921146957,3.1397849462365586,0.023,12.188530465949821,4.422939068100359,6.165900383141763,65.635572
2013_경상남도,경상남도,2013,8230,0.6,0.021,0.5,0.005,57.175627240143356,0.5,0.5,6.084587813620073,4.799283154121864,0.025,15.762724014336932,8.232974910394265,7.8984126984127,72.21106400000002
2014_경상남도,경상남도,2014,7237,0.5,0.019,0.5,0.006,49.91039426523297,0.6,0.5,3.145878136200717,7.577060931899641,0.026000000000000002,14.516129032258071,5.372759856630825,9.748015873015873,75.898441
2015_경상남도,경상남도,2015,6581,0.5,0.02,0.5,0.004,57.34767025089607,0.5,0.4,3.9767025089605728,3.3189964157706093,0.024,14.524731182795687,5.032258064516129,8.85873015873016,72.979867
2016_경상남도,경상남도,2016,7434,0.5,0.021,0.5,0.004,55.74193548387096,0.6,0.5,4.0498207885304645,5.964157706093191,0.026000000000000002,14.506810035842285,5.150537634408601,9.19885057471264,80.251262
2017_경상남도,경상남도,2017,6081,0.5,0.017,0.5,0.004,54.67741935483871,0.6,0.5,1.1709677419354838,8.45878136200717,0.03,13.87060931899642,6.043010752688173,9.742460317460317,74.679959
2018_경상남도,경상남도,2018,6601,0.5,0.013999999999999999,0.5,0.004,53.81362007168459,0.6,0.4,4.761648745519713,6.659498207885305,0.027000000000000003,15.323333333333325,5.028673835125448,8.107539682539688,74.80645
2019_경상남도,경상남도,2019,8170,0.5,0.017,0.5,0.004,46.63095238095239,0.5,0.4,3.682437275985665,6.630824372759856,0.03,15.407539682539674,7.6738351254480275,10.377380952380953,75.7231958
2010_제주도,제주도,2010,5091,0.4,0.009666666666666669,0.3666666666666667,0.0026666666666666666,47.5,0.4000000000000001,0.4,1.5564516129032258,5.537634408602152,0.04,9.908870967741935,4.193548387096774,8.272321428571429,40.26300000000001
2011_제주도,제주도,2011,7103,0.4,0.009000000000000001,0.3,0.003,46.17073170731707,0.4,0.4,1.8725806451612903,5.040322580645161,0.042,8.541935483870969,3.217741935483871,8.285714285714285,35.103
2012_제주도,제주도,2012,6386,0.5,0.011000000000000001,0.4,0.003,45.162601626016254,0.4,0.4,1.988709677419355,3.217741935483871,0.034,9.505645161290326,4.186991869918699,6.2931034482758665,39.935
2013_제주도,제주도,2013,6681,0.5,0.009000000000000001,0.4,0.002,49.524193548387096,0.4,0.5,2.544354838709677,4.532258064516129,0.031,11.043548387096775,3.983870967741936,7.384821428571433,41.0495
2014_제주도,제주도,2014,7220,0.5,0.008,0.3,0.003,46.713114754098356,0.4,0.3,4.415322580645161,6.588709677419355,0.037000000000000005,10.444354838709678,4.926829268292684,8.0,39.956
2015_제주도,제주도,2015,6552,0.4,0.01,0.3,0.003,50.86776859504132,0.3,0.4,6.520161290322582,3.040322580645161,0.04,10.225806451612907,3.120967741935484,7.7803571428571425,47.1055
2016_제주도,제주도,2016,6458,0.3,0.012,0.4,0.002,50.306451612903224,0.4,0.3,3.8129032258064512,5.112903225806452,0.039,10.347580645161287,4.5409836065573765,7.6543103448275875,47.1055
2017_제주도,제주도,2017,6945,0.3,0.01,0.3,0.003,67.11827956989248,0.3,0.3,1.3849462365591396,9.086021505376344,0.04,13.159139784946234,6.43298969072165,10.577380952380947,42.51600000000001
2019_제주도,제주도,2019,7875,0.3,0.009000000000000001,0.3,0.002,58.58333333333334,0.3,0.3,5.829032258064518,8.387096774193548,0.043,14.592857142857143,7.924731182795699,10.796428571428573,43.54650000000001
