,year,생산비 합계,직접생산비,종묘비,비료비,농약비,기타 재료비,수도광열비,농구비,영농시설비,자동차비,노동비,위탁영농비,기타비용,생산관리비,간접생산비,토지용역비,자본용역비,부산물생산비,부산물공제생산비,area
0,1991,627287,483475,26474,75832,8544,15887,1121,18378,1565,0,335674,0,0,0,143812,114377,29435,598,626689,강원도
1,1991,627287,483475,26474,75832,8544,15887,1121,18378,1565,0,335674,0,0,0,143812,114377,29435,598,626689,경기도
2,1991,627287,483475,26474,75832,8544,15887,1121,18378,1565,0,335674,0,0,0,143812,114377,29435,598,626689,경상남도
3,1991,627287,483475,26474,75832,8544,15887,1121,18378,1565,0,335674,0,0,0,143812,114377,29435,598,626689,경상북도
4,1991,627287,483475,26474,75832,8544,15887,1121,18378,1565,0,335674,0,0,0,143812,114377,29435,598,626689,광주광역시
5,1991,627287,483475,26474,75832,8544,15887,1121,18378,1565,0,335674,0,0,0,143812,114377,29435,598,626689,대구광역시
6,1991,627287,483475,26474,75832,8544,15887,1121,18378,1565,0,335674,0,0,0,143812,114377,29435,598,626689,대전광역시
7,1991,627287,483475,26474,75832,8544,15887,1121,18378,1565,0,335674,0,0,0,143812,114377,29435,598,626689,부산광역시
8,1991,627287,483475,26474,75832,8544,15887,1121,18378,1565,0,335674,0,0,0,143812,114377,29435,598,626689,서울특별시
9,1991,627287,483475,26474,75832,8544,15887,1121,18378,1565,0,335674,0,0,0,143812,114377,29435,598,626689,울산광역시
10,1991,627287,483475,26474,75832,8544,15887,1121,18378,1565,0,335674,0,0,0,143812,114377,29435,598,626689,인천광역시
11,1991,627287,483475,26474,75832,8544,15887,1121,18378,1565,0,335674,0,0,0,143812,114377,29435,598,626689,전라남도
12,1991,627287,483475,26474,75832,8544,15887,1121,18378,1565,0,335674,0,0,0,143812,114377,29435,598,626689,전라북도
13,1991,627287,483475,26474,75832,8544,15887,1121,18378,1565,0,335674,0,0,0,143812,114377,29435,598,626689,제주도
14,1991,627287,483475,26474,75832,8544,15887,1121,18378,1565,0,335674,0,0,0,143812,114377,29435,598,626689,충청남도
15,1991,627287,483475,26474,75832,8544,15887,1121,18378,1565,0,335674,0,0,0,143812,114377,29435,598,626689,충청북도
16,1992,664049,532229,47374,84805,8189,18316,1080,18433,1629,0,352403,0,0,0,131820,99940,31880,873,663176,강원도
17,1992,664049,532229,47374,84805,8189,18316,1080,18433,1629,0,352403,0,0,0,131820,99940,31880,873,663176,경기도
18,1992,664049,532229,47374,84805,8189,18316,1080,18433,1629,0,352403,0,0,0,131820,99940,31880,873,663176,경상남도
19,1992,664049,532229,47374,84805,8189,18316,1080,18433,1629,0,352403,0,0,0,131820,99940,31880,873,663176,경상북도
20,1992,664049,532229,47374,84805,8189,18316,1080,18433,1629,0,352403,0,0,0,131820,99940,31880,873,663176,광주광역시
21,1992,664049,532229,47374,84805,8189,18316,1080,18433,1629,0,352403,0,0,0,131820,99940,31880,873,663176,대구광역시
22,1992,664049,532229,47374,84805,8189,18316,1080,18433,1629,0,352403,0,0,0,131820,99940,31880,873,663176,대전광역시
23,1992,664049,532229,47374,84805,8189,18316,1080,18433,1629,0,352403,0,0,0,131820,99940,31880,873,663176,부산광역시
24,1992,664049,532229,47374,84805,8189,18316,1080,18433,1629,0,352403,0,0,0,131820,99940,31880,873,663176,서울특별시
25,1992,664049,532229,47374,84805,8189,18316,1080,18433,1629,0,352403,0,0,0,131820,99940,31880,873,663176,울산광역시
26,1992,664049,532229,47374,84805,8189,18316,1080,18433,1629,0,352403,0,0,0,131820,99940,31880,873,663176,인천광역시
27,1992,664049,532229,47374,84805,8189,18316,1080,18433,1629,0,352403,0,0,0,131820,99940,31880,873,663176,전라남도
28,1992,664049,532229,47374,84805,8189,18316,1080,18433,1629,0,352403,0,0,0,131820,99940,31880,873,663176,전라북도
29,1992,664049,532229,47374,84805,8189,18316,1080,18433,1629,0,352403,0,0,0,131820,99940,31880,873,663176,제주도
30,1992,664049,532229,47374,84805,8189,18316,1080,18433,1629,0,352403,0,0,0,131820,99940,31880,873,663176,충청남도
31,1992,664049,532229,47374,84805,8189,18316,1080,18433,1629,0,352403,0,0,0,131820,99940,31880,873,663176,충청북도
32,1993,691184,565412,53835,80550,12513,20739,1254,23402,1320,0,371799,0,0,0,125772,90698,35074,392,690792,강원도
33,1993,691184,565412,53835,80550,12513,20739,1254,23402,1320,0,371799,0,0,0,125772,90698,35074,392,690792,경기도
34,1993,691184,565412,53835,80550,12513,20739,1254,23402,1320,0,371799,0,0,0,125772,90698,35074,392,690792,경상남도
35,1993,691184,565412,53835,80550,12513,20739,1254,23402,1320,0,371799,0,0,0,125772,90698,35074,392,690792,경상북도
36,1993,691184,565412,53835,80550,12513,20739,1254,23402,1320,0,371799,0,0,0,125772,90698,35074,392,690792,광주광역시
37,1993,691184,565412,53835,80550,12513,20739,1254,23402,1320,0,371799,0,0,0,125772,90698,35074,392,690792,대구광역시
38,1993,691184,565412,53835,80550,12513,20739,1254,23402,1320,0,371799,0,0,0,125772,90698,35074,392,690792,대전광역시
39,1993,691184,565412,53835,80550,12513,20739,1254,23402,1320,0,371799,0,0,0,125772,90698,35074,392,690792,부산광역시
40,1993,691184,565412,53835,80550,12513,20739,1254,23402,1320,0,371799,0,0,0,125772,90698,35074,392,690792,서울특별시
41,1993,691184,565412,53835,80550,12513,20739,1254,23402,1320,0,371799,0,0,0,125772,90698,35074,392,690792,울산광역시
42,1993,691184,565412,53835,80550,12513,20739,1254,23402,1320,0,371799,0,0,0,125772,90698,35074,392,690792,인천광역시
43,1993,691184,565412,53835,80550,12513,20739,1254,23402,1320,0,371799,0,0,0,125772,90698,35074,392,690792,전라남도
44,1993,691184,565412,53835,80550,12513,20739,1254,23402,1320,0,371799,0,0,0,125772,90698,35074,392,690792,전라북도
45,1993,691184,565412,53835,80550,12513,20739,1254,23402,1320,0,371799,0,0,0,125772,90698,35074,392,690792,제주도
46,1993,691184,565412,53835,80550,12513,20739,1254,23402,1320,0,371799,0,0,0,125772,90698,35074,392,690792,충청남도
47,1993,691184,565412,53835,80550,12513,20739,1254,23402,1320,0,371799,0,0,0,125772,90698,35074,392,690792,충청북도
48,1994,696910,569296,49897,84207,13701,22460,1373,24760,1340,27,371531,0,0,0,127614,92607,35007,176,696734,강원도
49,1994,696910,569296,49897,84207,13701,22460,1373,24760,1340,27,371531,0,0,0,127614,92607,35007,176,696734,경기도
50,1994,696910,569296,49897,84207,13701,22460,1373,24760,1340,27,371531,0,0,0,127614,92607,35007,176,696734,경상남도
51,1994,696910,569296,49897,84207,13701,22460,1373,24760,1340,27,371531,0,0,0,127614,92607,35007,176,696734,경상북도
52,1994,696910,569296,49897,84207,13701,22460,1373,24760,1340,27,371531,0,0,0,127614,92607,35007,176,696734,광주광역시
53,1994,696910,569296,49897,84207,13701,22460,1373,24760,1340,27,371531,0,0,0,127614,92607,35007,176,696734,대구광역시
54,1994,696910,569296,49897,84207,13701,22460,1373,24760,1340,27,371531,0,0,0,127614,92607,35007,176,696734,대전광역시
55,1994,696910,569296,49897,84207,13701,22460,1373,24760,1340,27,371531,0,0,0,127614,92607,35007,176,696734,부산광역시
56,1994,696910,569296,49897,84207,13701,22460,1373,24760,1340,27,371531,0,0,0,127614,92607,35007,176,696734,서울특별시
57,1994,696910,569296,49897,84207,13701,22460,1373,24760,1340,27,371531,0,0,0,127614,92607,35007,176,696734,울산광역시
58,1994,696910,569296,49897,84207,13701,22460,1373,24760,1340,27,371531,0,0,0,127614,92607,35007,176,696734,인천광역시
59,1994,696910,569296,49897,84207,13701,22460,1373,24760,1340,27,371531,0,0,0,127614,92607,35007,176,696734,전라남도
60,1994,696910,569296,49897,84207,13701,22460,1373,24760,1340,27,371531,0,0,0,127614,92607,35007,176,696734,전라북도
61,1994,696910,569296,49897,84207,13701,22460,1373,24760,1340,27,371531,0,0,0,127614,92607,35007,176,696734,제주도
62,1994,696910,569296,49897,84207,13701,22460,1373,24760,1340,27,371531,0,0,0,127614,92607,35007,176,696734,충청남도
63,1994,696910,569296,49897,84207,13701,22460,1373,24760,1340,27,371531,0,0,0,127614,92607,35007,176,696734,충청북도
64,1995,732701,626949,73046,81538,13610,23130,1267,25384,1173,28,407773,0,0,0,105752,68781,36971,333,732368,강원도
65,1995,732701,626949,73046,81538,13610,23130,1267,25384,1173,28,407773,0,0,0,105752,68781,36971,333,732368,경기도
66,1995,732701,626949,73046,81538,13610,23130,1267,25384,1173,28,407773,0,0,0,105752,68781,36971,333,732368,경상남도
67,1995,732701,626949,73046,81538,13610,23130,1267,25384,1173,28,407773,0,0,0,105752,68781,36971,333,732368,경상북도
68,1995,732701,626949,73046,81538,13610,23130,1267,25384,1173,28,407773,0,0,0,105752,68781,36971,333,732368,광주광역시
69,1995,732701,626949,73046,81538,13610,23130,1267,25384,1173,28,407773,0,0,0,105752,68781,36971,333,732368,대구광역시
70,1995,732701,626949,73046,81538,13610,23130,1267,25384,1173,28,407773,0,0,0,105752,68781,36971,333,732368,대전광역시
71,1995,732701,626949,73046,81538,13610,23130,1267,25384,1173,28,407773,0,0,0,105752,68781,36971,333,732368,부산광역시
72,1995,732701,626949,73046,81538,13610,23130,1267,25384,1173,28,407773,0,0,0,105752,68781,36971,333,732368,서울특별시
73,1995,732701,626949,73046,81538,13610,23130,1267,25384,1173,28,407773,0,0,0,105752,68781,36971,333,732368,울산광역시
74,1995,732701,626949,73046,81538,13610,23130,1267,25384,1173,28,407773,0,0,0,105752,68781,36971,333,732368,인천광역시
75,1995,732701,626949,73046,81538,13610,23130,1267,25384,1173,28,407773,0,0,0,105752,68781,36971,333,732368,전라남도
76,1995,732701,626949,73046,81538,13610,23130,1267,25384,1173,28,407773,0,0,0,105752,68781,36971,333,732368,전라북도
77,1995,732701,626949,73046,81538,13610,23130,1267,25384,1173,28,407773,0,0,0,105752,68781,36971,333,732368,제주도
78,1995,732701,626949,73046,81538,13610,23130,1267,25384,1173,28,407773,0,0,0,105752,68781,36971,333,732368,충청남도
79,1995,732701,626949,73046,81538,13610,23130,1267,25384,1173,28,407773,0,0,0,105752,68781,36971,333,732368,충청북도
80,1996,824485,691852,96683,81488,12476,24277,1270,22955,1104,0,451599,0,0,0,132633,91730,40903,140,824345,강원도
81,1996,824485,691852,96683,81488,12476,24277,1270,22955,1104,0,451599,0,0,0,132633,91730,40903,140,824345,경기도
82,1996,824485,691852,96683,81488,12476,24277,1270,22955,1104,0,451599,0,0,0,132633,91730,40903,140,824345,경상남도
83,1996,824485,691852,96683,81488,12476,24277,1270,22955,1104,0,451599,0,0,0,132633,91730,40903,140,824345,경상북도
84,1996,824485,691852,96683,81488,12476,24277,1270,22955,1104,0,451599,0,0,0,132633,91730,40903,140,824345,광주광역시
85,1996,824485,691852,96683,81488,12476,24277,1270,22955,1104,0,451599,0,0,0,132633,91730,40903,140,824345,대구광역시
86,1996,824485,691852,96683,81488,12476,24277,1270,22955,1104,0,451599,0,0,0,132633,91730,40903,140,824345,대전광역시
87,1996,824485,691852,96683,81488,12476,24277,1270,22955,1104,0,451599,0,0,0,132633,91730,40903,140,824345,부산광역시
88,1996,824485,691852,96683,81488,12476,24277,1270,22955,1104,0,451599,0,0,0,132633,91730,40903,140,824345,서울특별시
89,1996,824485,691852,96683,81488,12476,24277,1270,22955,1104,0,451599,0,0,0,132633,91730,40903,140,824345,울산광역시
90,1996,824485,691852,96683,81488,12476,24277,1270,22955,1104,0,451599,0,0,0,132633,91730,40903,140,824345,인천광역시
91,1996,824485,691852,96683,81488,12476,24277,1270,22955,1104,0,451599,0,0,0,132633,91730,40903,140,824345,전라남도
92,1996,824485,691852,96683,81488,12476,24277,1270,22955,1104,0,451599,0,0,0,132633,91730,40903,140,824345,전라북도
93,1996,824485,691852,96683,81488,12476,24277,1270,22955,1104,0,451599,0,0,0,132633,91730,40903,140,824345,제주도
94,1996,824485,691852,96683,81488,12476,24277,1270,22955,1104,0,451599,0,0,0,132633,91730,40903,140,824345,충청남도
95,1996,824485,691852,96683,81488,12476,24277,1270,22955,1104,0,451599,0,0,0,132633,91730,40903,140,824345,충청북도
96,1997,838228,701618,96648,87855,14621,23336,1285,26890,1098,84,449801,0,0,0,136610,95925,40685,268,837960,강원도
97,1997,838228,701618,96648,87855,14621,23336,1285,26890,1098,84,449801,0,0,0,136610,95925,40685,268,837960,경기도
98,1997,838228,701618,96648,87855,14621,23336,1285,26890,1098,84,449801,0,0,0,136610,95925,40685,268,837960,경상남도
99,1997,838228,701618,96648,87855,14621,23336,1285,26890,1098,84,449801,0,0,0,136610,95925,40685,268,837960,경상북도
100,1997,838228,701618,96648,87855,14621,23336,1285,26890,1098,84,449801,0,0,0,136610,95925,40685,268,837960,광주광역시
101,1997,838228,701618,96648,87855,14621,23336,1285,26890,1098,84,449801,0,0,0,136610,95925,40685,268,837960,대구광역시
102,1997,838228,701618,96648,87855,14621,23336,1285,26890,1098,84,449801,0,0,0,136610,95925,40685,268,837960,대전광역시
103,1997,838228,701618,96648,87855,14621,23336,1285,26890,1098,84,449801,0,0,0,136610,95925,40685,268,837960,부산광역시
104,1997,838228,701618,96648,87855,14621,23336,1285,26890,1098,84,449801,0,0,0,136610,95925,40685,268,837960,서울특별시
105,1997,838228,701618,96648,87855,14621,23336,1285,26890,1098,84,449801,0,0,0,136610,95925,40685,268,837960,울산광역시
106,1997,838228,701618,96648,87855,14621,23336,1285,26890,1098,84,449801,0,0,0,136610,95925,40685,268,837960,인천광역시
107,1997,838228,701618,96648,87855,14621,23336,1285,26890,1098,84,449801,0,0,0,136610,95925,40685,268,837960,전라남도
108,1997,838228,701618,96648,87855,14621,23336,1285,26890,1098,84,449801,0,0,0,136610,95925,40685,268,837960,전라북도
109,1997,838228,701618,96648,87855,14621,23336,1285,26890,1098,84,449801,0,0,0,136610,95925,40685,268,837960,제주도
110,1997,838228,701618,96648,87855,14621,23336,1285,26890,1098,84,449801,0,0,0,136610,95925,40685,268,837960,충청남도
111,1997,838228,701618,96648,87855,14621,23336,1285,26890,1098,84,449801,0,0,0,136610,95925,40685,268,837960,충청북도
112,1998,815380,669603,56595,101451,21947,25707,1900,29033,1540,51,431379,0,0,0,145777,104205,41572,610,814770,강원도
113,1998,815380,669603,56595,101451,21947,25707,1900,29033,1540,51,431379,0,0,0,145777,104205,41572,610,814770,경기도
114,1998,815380,669603,56595,101451,21947,25707,1900,29033,1540,51,431379,0,0,0,145777,104205,41572,610,814770,경상남도
115,1998,815380,669603,56595,101451,21947,25707,1900,29033,1540,51,431379,0,0,0,145777,104205,41572,610,814770,경상북도
116,1998,815380,669603,56595,101451,21947,25707,1900,29033,1540,51,431379,0,0,0,145777,104205,41572,610,814770,광주광역시
117,1998,815380,669603,56595,101451,21947,25707,1900,29033,1540,51,431379,0,0,0,145777,104205,41572,610,814770,대구광역시
118,1998,815380,669603,56595,101451,21947,25707,1900,29033,1540,51,431379,0,0,0,145777,104205,41572,610,814770,대전광역시
119,1998,815380,669603,56595,101451,21947,25707,1900,29033,1540,51,431379,0,0,0,145777,104205,41572,610,814770,부산광역시
120,1998,815380,669603,56595,101451,21947,25707,1900,29033,1540,51,431379,0,0,0,145777,104205,41572,610,814770,서울특별시
121,1998,815380,669603,56595,101451,21947,25707,1900,29033,1540,51,431379,0,0,0,145777,104205,41572,610,814770,울산광역시
122,1998,815380,669603,56595,101451,21947,25707,1900,29033,1540,51,431379,0,0,0,145777,104205,41572,610,814770,인천광역시
123,1998,815380,669603,56595,101451,21947,25707,1900,29033,1540,51,431379,0,0,0,145777,104205,41572,610,814770,전라남도
124,1998,815380,669603,56595,101451,21947,25707,1900,29033,1540,51,431379,0,0,0,145777,104205,41572,610,814770,전라북도
125,1998,815380,669603,56595,101451,21947,25707,1900,29033,1540,51,431379,0,0,0,145777,104205,41572,610,814770,제주도
126,1998,815380,669603,56595,101451,21947,25707,1900,29033,1540,51,431379,0,0,0,145777,104205,41572,610,814770,충청남도
127,1998,815380,669603,56595,101451,21947,25707,1900,29033,1540,51,431379,0,0,0,145777,104205,41572,610,814770,충청북도
128,1999,874811,736694,87971,100970,24507,23723,2101,24491,1541,0,471390,0,0,0,138117,94281,43836,1278,873533,강원도
129,1999,874811,736694,87971,100970,24507,23723,2101,24491,1541,0,471390,0,0,0,138117,94281,43836,1278,873533,경기도
130,1999,874811,736694,87971,100970,24507,23723,2101,24491,1541,0,471390,0,0,0,138117,94281,43836,1278,873533,경상남도
131,1999,874811,736694,87971,100970,24507,23723,2101,24491,1541,0,471390,0,0,0,138117,94281,43836,1278,873533,경상북도
132,1999,874811,736694,87971,100970,24507,23723,2101,24491,1541,0,471390,0,0,0,138117,94281,43836,1278,873533,광주광역시
133,1999,874811,736694,87971,100970,24507,23723,2101,24491,1541,0,471390,0,0,0,138117,94281,43836,1278,873533,대구광역시
134,1999,874811,736694,87971,100970,24507,23723,2101,24491,1541,0,471390,0,0,0,138117,94281,43836,1278,873533,대전광역시
135,1999,874811,736694,87971,100970,24507,23723,2101,24491,1541,0,471390,0,0,0,138117,94281,43836,1278,873533,부산광역시
136,1999,874811,736694,87971,100970,24507,23723,2101,24491,1541,0,471390,0,0,0,138117,94281,43836,1278,873533,서울특별시
137,1999,874811,736694,87971,100970,24507,23723,2101,24491,1541,0,471390,0,0,0,138117,94281,43836,1278,873533,울산광역시
138,1999,874811,736694,87971,100970,24507,23723,2101,24491,1541,0,471390,0,0,0,138117,94281,43836,1278,873533,인천광역시
139,1999,874811,736694,87971,100970,24507,23723,2101,24491,1541,0,471390,0,0,0,138117,94281,43836,1278,873533,전라남도
140,1999,874811,736694,87971,100970,24507,23723,2101,24491,1541,0,471390,0,0,0,138117,94281,43836,1278,873533,전라북도
141,1999,874811,736694,87971,100970,24507,23723,2101,24491,1541,0,471390,0,0,0,138117,94281,43836,1278,873533,제주도
142,1999,874811,736694,87971,100970,24507,23723,2101,24491,1541,0,471390,0,0,0,138117,94281,43836,1278,873533,충청남도
143,1999,874811,736694,87971,100970,24507,23723,2101,24491,1541,0,471390,0,0,0,138117,94281,43836,1278,873533,충청북도
144,2000,920747,775530,89212,106459,29284,26248,2670,25395,1744,0,494518,0,0,0,145217,97968,47249,1454,919293,강원도
145,2000,920747,775530,89212,106459,29284,26248,2670,25395,1744,0,494518,0,0,0,145217,97968,47249,1454,919293,경기도
146,2000,920747,775530,89212,106459,29284,26248,2670,25395,1744,0,494518,0,0,0,145217,97968,47249,1454,919293,경상남도
147,2000,920747,775530,89212,106459,29284,26248,2670,25395,1744,0,494518,0,0,0,145217,97968,47249,1454,919293,경상북도
148,2000,920747,775530,89212,106459,29284,26248,2670,25395,1744,0,494518,0,0,0,145217,97968,47249,1454,919293,광주광역시
149,2000,920747,775530,89212,106459,29284,26248,2670,25395,1744,0,494518,0,0,0,145217,97968,47249,1454,919293,대구광역시
150,2000,920747,775530,89212,106459,29284,26248,2670,25395,1744,0,494518,0,0,0,145217,97968,47249,1454,919293,대전광역시
151,2000,920747,775530,89212,106459,29284,26248,2670,25395,1744,0,494518,0,0,0,145217,97968,47249,1454,919293,부산광역시
152,2000,920747,775530,89212,106459,29284,26248,2670,25395,1744,0,494518,0,0,0,145217,97968,47249,1454,919293,서울특별시
153,2000,920747,775530,89212,106459,29284,26248,2670,25395,1744,0,494518,0,0,0,145217,97968,47249,1454,919293,울산광역시
154,2000,920747,775530,89212,106459,29284,26248,2670,25395,1744,0,494518,0,0,0,145217,97968,47249,1454,919293,인천광역시
155,2000,920747,775530,89212,106459,29284,26248,2670,25395,1744,0,494518,0,0,0,145217,97968,47249,1454,919293,전라남도
156,2000,920747,775530,89212,106459,29284,26248,2670,25395,1744,0,494518,0,0,0,145217,97968,47249,1454,919293,전라북도
157,2000,920747,775530,89212,106459,29284,26248,2670,25395,1744,0,494518,0,0,0,145217,97968,47249,1454,919293,제주도
158,2000,920747,775530,89212,106459,29284,26248,2670,25395,1744,0,494518,0,0,0,145217,97968,47249,1454,919293,충청남도
159,2000,920747,775530,89212,106459,29284,26248,2670,25395,1744,0,494518,0,0,0,145217,97968,47249,1454,919293,충청북도
160,2001,956650,806157,106072,113870,26953,26293,3298,24750,1678,38,503205,0,0,0,150493,101574,48919,1305,955345,강원도
161,2001,956650,806157,106072,113870,26953,26293,3298,24750,1678,38,503205,0,0,0,150493,101574,48919,1305,955345,경기도
162,2001,956650,806157,106072,113870,26953,26293,3298,24750,1678,38,503205,0,0,0,150493,101574,48919,1305,955345,경상남도
163,2001,956650,806157,106072,113870,26953,26293,3298,24750,1678,38,503205,0,0,0,150493,101574,48919,1305,955345,경상북도
164,2001,956650,806157,106072,113870,26953,26293,3298,24750,1678,38,503205,0,0,0,150493,101574,48919,1305,955345,광주광역시
165,2001,956650,806157,106072,113870,26953,26293,3298,24750,1678,38,503205,0,0,0,150493,101574,48919,1305,955345,대구광역시
166,2001,956650,806157,106072,113870,26953,26293,3298,24750,1678,38,503205,0,0,0,150493,101574,48919,1305,955345,대전광역시
167,2001,956650,806157,106072,113870,26953,26293,3298,24750,1678,38,503205,0,0,0,150493,101574,48919,1305,955345,부산광역시
168,2001,956650,806157,106072,113870,26953,26293,3298,24750,1678,38,503205,0,0,0,150493,101574,48919,1305,955345,서울특별시
169,2001,956650,806157,106072,113870,26953,26293,3298,24750,1678,38,503205,0,0,0,150493,101574,48919,1305,955345,울산광역시
170,2001,956650,806157,106072,113870,26953,26293,3298,24750,1678,38,503205,0,0,0,150493,101574,48919,1305,955345,인천광역시
171,2001,956650,806157,106072,113870,26953,26293,3298,24750,1678,38,503205,0,0,0,150493,101574,48919,1305,955345,전라남도
172,2001,956650,806157,106072,113870,26953,26293,3298,24750,1678,38,503205,0,0,0,150493,101574,48919,1305,955345,전라북도
173,2001,956650,806157,106072,113870,26953,26293,3298,24750,1678,38,503205,0,0,0,150493,101574,48919,1305,955345,제주도
174,2001,956650,806157,106072,113870,26953,26293,3298,24750,1678,38,503205,0,0,0,150493,101574,48919,1305,955345,충청남도
175,2001,956650,806157,106072,113870,26953,26293,3298,24750,1678,38,503205,0,0,0,150493,101574,48919,1305,955345,충청북도
176,2002,981828,817469,109581,103510,31002,27400,2142,30416,2244,53,511121,0,0,0,164359,112385,51974,800,981028,강원도
177,2002,981828,817469,109581,103510,31002,27400,2142,30416,2244,53,511121,0,0,0,164359,112385,51974,800,981028,경기도
178,2002,981828,817469,109581,103510,31002,27400,2142,30416,2244,53,511121,0,0,0,164359,112385,51974,800,981028,경상남도
179,2002,981828,817469,109581,103510,31002,27400,2142,30416,2244,53,511121,0,0,0,164359,112385,51974,800,981028,경상북도
180,2002,981828,817469,109581,103510,31002,27400,2142,30416,2244,53,511121,0,0,0,164359,112385,51974,800,981028,광주광역시
181,2002,981828,817469,109581,103510,31002,27400,2142,30416,2244,53,511121,0,0,0,164359,112385,51974,800,981028,대구광역시
182,2002,981828,817469,109581,103510,31002,27400,2142,30416,2244,53,511121,0,0,0,164359,112385,51974,800,981028,대전광역시
183,2002,981828,817469,109581,103510,31002,27400,2142,30416,2244,53,511121,0,0,0,164359,112385,51974,800,981028,부산광역시
184,2002,981828,817469,109581,103510,31002,27400,2142,30416,2244,53,511121,0,0,0,164359,112385,51974,800,981028,서울특별시
185,2002,981828,817469,109581,103510,31002,27400,2142,30416,2244,53,511121,0,0,0,164359,112385,51974,800,981028,울산광역시
186,2002,981828,817469,109581,103510,31002,27400,2142,30416,2244,53,511121,0,0,0,164359,112385,51974,800,981028,인천광역시
187,2002,981828,817469,109581,103510,31002,27400,2142,30416,2244,53,511121,0,0,0,164359,112385,51974,800,981028,전라남도
188,2002,981828,817469,109581,103510,31002,27400,2142,30416,2244,53,511121,0,0,0,164359,112385,51974,800,981028,전라북도
189,2002,981828,817469,109581,103510,31002,27400,2142,30416,2244,53,511121,0,0,0,164359,112385,51974,800,981028,제주도
190,2002,981828,817469,109581,103510,31002,27400,2142,30416,2244,53,511121,0,0,0,164359,112385,51974,800,981028,충청남도
191,2002,981828,817469,109581,103510,31002,27400,2142,30416,2244,53,511121,0,0,0,164359,112385,51974,800,981028,충청북도
192,2003,1090293,899034,134223,110491,41788,36649,2899,45031,3320,402,524231,0,0,0,191259,133390,57869,2851,1087442,강원도
193,2003,1090293,899034,134223,110491,41788,36649,2899,45031,3320,402,524231,0,0,0,191259,133390,57869,2851,1087442,경기도
194,2003,1090293,899034,134223,110491,41788,36649,2899,45031,3320,402,524231,0,0,0,191259,133390,57869,2851,1087442,경상남도
195,2003,1090293,899034,134223,110491,41788,36649,2899,45031,3320,402,524231,0,0,0,191259,133390,57869,2851,1087442,경상북도
196,2003,1090293,899034,134223,110491,41788,36649,2899,45031,3320,402,524231,0,0,0,191259,133390,57869,2851,1087442,광주광역시
197,2003,1090293,899034,134223,110491,41788,36649,2899,45031,3320,402,524231,0,0,0,191259,133390,57869,2851,1087442,대구광역시
198,2003,1090293,899034,134223,110491,41788,36649,2899,45031,3320,402,524231,0,0,0,191259,133390,57869,2851,1087442,대전광역시
199,2003,1090293,899034,134223,110491,41788,36649,2899,45031,3320,402,524231,0,0,0,191259,133390,57869,2851,1087442,부산광역시
200,2003,1090293,899034,134223,110491,41788,36649,2899,45031,3320,402,524231,0,0,0,191259,133390,57869,2851,1087442,서울특별시
201,2003,1090293,899034,134223,110491,41788,36649,2899,45031,3320,402,524231,0,0,0,191259,133390,57869,2851,1087442,울산광역시
202,2003,1090293,899034,134223,110491,41788,36649,2899,45031,3320,402,524231,0,0,0,191259,133390,57869,2851,1087442,인천광역시
203,2003,1090293,899034,134223,110491,41788,36649,2899,45031,3320,402,524231,0,0,0,191259,133390,57869,2851,1087442,전라남도
204,2003,1090293,899034,134223,110491,41788,36649,2899,45031,3320,402,524231,0,0,0,191259,133390,57869,2851,1087442,전라북도
205,2003,1090293,899034,134223,110491,41788,36649,2899,45031,3320,402,524231,0,0,0,191259,133390,57869,2851,1087442,제주도
206,2003,1090293,899034,134223,110491,41788,36649,2899,45031,3320,402,524231,0,0,0,191259,133390,57869,2851,1087442,충청남도
207,2003,1090293,899034,134223,110491,41788,36649,2899,45031,3320,402,524231,0,0,0,191259,133390,57869,2851,1087442,충청북도
208,2004,1023059,846160,144074,111296,47710,31987,2827,20959,2632,387,461829,22459,0,0,176899,124638,52261,606,1022453,강원도
209,2004,1023059,846160,144074,111296,47710,31987,2827,20959,2632,387,461829,22459,0,0,176899,124638,52261,606,1022453,경기도
210,2004,1023059,846160,144074,111296,47710,31987,2827,20959,2632,387,461829,22459,0,0,176899,124638,52261,606,1022453,경상남도
211,2004,1023059,846160,144074,111296,47710,31987,2827,20959,2632,387,461829,22459,0,0,176899,124638,52261,606,1022453,경상북도
212,2004,1023059,846160,144074,111296,47710,31987,2827,20959,2632,387,461829,22459,0,0,176899,124638,52261,606,1022453,광주광역시
213,2004,1023059,846160,144074,111296,47710,31987,2827,20959,2632,387,461829,22459,0,0,176899,124638,52261,606,1022453,대구광역시
214,2004,1023059,846160,144074,111296,47710,31987,2827,20959,2632,387,461829,22459,0,0,176899,124638,52261,606,1022453,대전광역시
215,2004,1023059,846160,144074,111296,47710,31987,2827,20959,2632,387,461829,22459,0,0,176899,124638,52261,606,1022453,부산광역시
216,2004,1023059,846160,144074,111296,47710,31987,2827,20959,2632,387,461829,22459,0,0,176899,124638,52261,606,1022453,서울특별시
217,2004,1023059,846160,144074,111296,47710,31987,2827,20959,2632,387,461829,22459,0,0,176899,124638,52261,606,1022453,울산광역시
218,2004,1023059,846160,144074,111296,47710,31987,2827,20959,2632,387,461829,22459,0,0,176899,124638,52261,606,1022453,인천광역시
219,2004,1023059,846160,144074,111296,47710,31987,2827,20959,2632,387,461829,22459,0,0,176899,124638,52261,606,1022453,전라남도
220,2004,1023059,846160,144074,111296,47710,31987,2827,20959,2632,387,461829,22459,0,0,176899,124638,52261,606,1022453,전라북도
221,2004,1023059,846160,144074,111296,47710,31987,2827,20959,2632,387,461829,22459,0,0,176899,124638,52261,606,1022453,제주도
222,2004,1023059,846160,144074,111296,47710,31987,2827,20959,2632,387,461829,22459,0,0,176899,124638,52261,606,1022453,충청남도
223,2004,1023059,846160,144074,111296,47710,31987,2827,20959,2632,387,461829,22459,0,0,176899,124638,52261,606,1022453,충청북도
224,2005,1047800,872475,140301,121679,46716,35684,2675,19031,2515,568,474007,29299,0,0,175325,122097,53228,181,1047619,강원도
225,2005,1047800,872475,140301,121679,46716,35684,2675,19031,2515,568,474007,29299,0,0,175325,122097,53228,181,1047619,경기도
226,2005,1047800,872475,140301,121679,46716,35684,2675,19031,2515,568,474007,29299,0,0,175325,122097,53228,181,1047619,경상남도
227,2005,1047800,872475,140301,121679,46716,35684,2675,19031,2515,568,474007,29299,0,0,175325,122097,53228,181,1047619,경상북도
228,2005,1047800,872475,140301,121679,46716,35684,2675,19031,2515,568,474007,29299,0,0,175325,122097,53228,181,1047619,광주광역시
229,2005,1047800,872475,140301,121679,46716,35684,2675,19031,2515,568,474007,29299,0,0,175325,122097,53228,181,1047619,대구광역시
230,2005,1047800,872475,140301,121679,46716,35684,2675,19031,2515,568,474007,29299,0,0,175325,122097,53228,181,1047619,대전광역시
231,2005,1047800,872475,140301,121679,46716,35684,2675,19031,2515,568,474007,29299,0,0,175325,122097,53228,181,1047619,부산광역시
232,2005,1047800,872475,140301,121679,46716,35684,2675,19031,2515,568,474007,29299,0,0,175325,122097,53228,181,1047619,서울특별시
233,2005,1047800,872475,140301,121679,46716,35684,2675,19031,2515,568,474007,29299,0,0,175325,122097,53228,181,1047619,울산광역시
234,2005,1047800,872475,140301,121679,46716,35684,2675,19031,2515,568,474007,29299,0,0,175325,122097,53228,181,1047619,인천광역시
235,2005,1047800,872475,140301,121679,46716,35684,2675,19031,2515,568,474007,29299,0,0,175325,122097,53228,181,1047619,전라남도
236,2005,1047800,872475,140301,121679,46716,35684,2675,19031,2515,568,474007,29299,0,0,175325,122097,53228,181,1047619,전라북도
237,2005,1047800,872475,140301,121679,46716,35684,2675,19031,2515,568,474007,29299,0,0,175325,122097,53228,181,1047619,제주도
238,2005,1047800,872475,140301,121679,46716,35684,2675,19031,2515,568,474007,29299,0,0,175325,122097,53228,181,1047619,충청남도
239,2005,1047800,872475,140301,121679,46716,35684,2675,19031,2515,568,474007,29299,0,0,175325,122097,53228,181,1047619,충청북도
240,2006,1102555,928926,144778,144621,52133,37291,3470,19252,2159,601,494189,30433,0,0,173628,118754,54874,125,1102430,강원도
241,2006,1102555,928926,144778,144621,52133,37291,3470,19252,2159,601,494189,30433,0,0,173628,118754,54874,125,1102430,경기도
242,2006,1102555,928926,144778,144621,52133,37291,3470,19252,2159,601,494189,30433,0,0,173628,118754,54874,125,1102430,경상남도
243,2006,1102555,928926,144778,144621,52133,37291,3470,19252,2159,601,494189,30433,0,0,173628,118754,54874,125,1102430,경상북도
244,2006,1102555,928926,144778,144621,52133,37291,3470,19252,2159,601,494189,30433,0,0,173628,118754,54874,125,1102430,광주광역시
245,2006,1102555,928926,144778,144621,52133,37291,3470,19252,2159,601,494189,30433,0,0,173628,118754,54874,125,1102430,대구광역시
246,2006,1102555,928926,144778,144621,52133,37291,3470,19252,2159,601,494189,30433,0,0,173628,118754,54874,125,1102430,대전광역시
247,2006,1102555,928926,144778,144621,52133,37291,3470,19252,2159,601,494189,30433,0,0,173628,118754,54874,125,1102430,부산광역시
248,2006,1102555,928926,144778,144621,52133,37291,3470,19252,2159,601,494189,30433,0,0,173628,118754,54874,125,1102430,서울특별시
249,2006,1102555,928926,144778,144621,52133,37291,3470,19252,2159,601,494189,30433,0,0,173628,118754,54874,125,1102430,울산광역시
250,2006,1102555,928926,144778,144621,52133,37291,3470,19252,2159,601,494189,30433,0,0,173628,118754,54874,125,1102430,인천광역시
251,2006,1102555,928926,144778,144621,52133,37291,3470,19252,2159,601,494189,30433,0,0,173628,118754,54874,125,1102430,전라남도
252,2006,1102555,928926,144778,144621,52133,37291,3470,19252,2159,601,494189,30433,0,0,173628,118754,54874,125,1102430,전라북도
253,2006,1102555,928926,144778,144621,52133,37291,3470,19252,2159,601,494189,30433,0,0,173628,118754,54874,125,1102430,제주도
254,2006,1102555,928926,144778,144621,52133,37291,3470,19252,2159,601,494189,30433,0,0,173628,118754,54874,125,1102430,충청남도
255,2006,1102555,928926,144778,144621,52133,37291,3470,19252,2159,601,494189,30433,0,0,173628,118754,54874,125,1102430,충청북도
256,2007,1186266,1009344,164089,145517,70980,47406,4605,17267,1750,364,529083,28284,0,0,176922,120063,56858,44,1186222,강원도
257,2007,1186266,1009344,164089,145517,70980,47406,4605,17267,1750,364,529083,28284,0,0,176922,120063,56858,44,1186222,경기도
258,2007,1186266,1009344,164089,145517,70980,47406,4605,17267,1750,364,529083,28284,0,0,176922,120063,56858,44,1186222,경상남도
259,2007,1186266,1009344,164089,145517,70980,47406,4605,17267,1750,364,529083,28284,0,0,176922,120063,56858,44,1186222,경상북도
260,2007,1186266,1009344,164089,145517,70980,47406,4605,17267,1750,364,529083,28284,0,0,176922,120063,56858,44,1186222,광주광역시
261,2007,1186266,1009344,164089,145517,70980,47406,4605,17267,1750,364,529083,28284,0,0,176922,120063,56858,44,1186222,대구광역시
262,2007,1186266,1009344,164089,145517,70980,47406,4605,17267,1750,364,529083,28284,0,0,176922,120063,56858,44,1186222,대전광역시
263,2007,1186266,1009344,164089,145517,70980,47406,4605,17267,1750,364,529083,28284,0,0,176922,120063,56858,44,1186222,부산광역시
264,2007,1186266,1009344,164089,145517,70980,47406,4605,17267,1750,364,529083,28284,0,0,176922,120063,56858,44,1186222,서울특별시
265,2007,1186266,1009344,164089,145517,70980,47406,4605,17267,1750,364,529083,28284,0,0,176922,120063,56858,44,1186222,울산광역시
266,2007,1186266,1009344,164089,145517,70980,47406,4605,17267,1750,364,529083,28284,0,0,176922,120063,56858,44,1186222,인천광역시
267,2007,1186266,1009344,164089,145517,70980,47406,4605,17267,1750,364,529083,28284,0,0,176922,120063,56858,44,1186222,전라남도
268,2007,1186266,1009344,164089,145517,70980,47406,4605,17267,1750,364,529083,28284,0,0,176922,120063,56858,44,1186222,전라북도
269,2007,1186266,1009344,164089,145517,70980,47406,4605,17267,1750,364,529083,28284,0,0,176922,120063,56858,44,1186222,제주도
270,2007,1186266,1009344,164089,145517,70980,47406,4605,17267,1750,364,529083,28284,0,0,176922,120063,56858,44,1186222,충청남도
271,2007,1186266,1009344,164089,145517,70980,47406,4605,17267,1750,364,529083,28284,0,0,176922,120063,56858,44,1186222,충청북도
272,2008,1285606,1062191,191059,149253,50513,36550,4734,27441,2726,407,564505,30379,4624,0,223415,158048,65367,142,1285464,강원도
273,2008,1285606,1062191,191059,149253,50513,36550,4734,27441,2726,407,564505,30379,4624,0,223415,158048,65367,142,1285464,경기도
274,2008,1285606,1062191,191059,149253,50513,36550,4734,27441,2726,407,564505,30379,4624,0,223415,158048,65367,142,1285464,경상남도
275,2008,1285606,1062191,191059,149253,50513,36550,4734,27441,2726,407,564505,30379,4624,0,223415,158048,65367,142,1285464,경상북도
276,2008,1285606,1062191,191059,149253,50513,36550,4734,27441,2726,407,564505,30379,4624,0,223415,158048,65367,142,1285464,광주광역시
277,2008,1285606,1062191,191059,149253,50513,36550,4734,27441,2726,407,564505,30379,4624,0,223415,158048,65367,142,1285464,대구광역시
278,2008,1285606,1062191,191059,149253,50513,36550,4734,27441,2726,407,564505,30379,4624,0,223415,158048,65367,142,1285464,대전광역시
279,2008,1285606,1062191,191059,149253,50513,36550,4734,27441,2726,407,564505,30379,4624,0,223415,158048,65367,142,1285464,부산광역시
280,2008,1285606,1062191,191059,149253,50513,36550,4734,27441,2726,407,564505,30379,4624,0,223415,158048,65367,142,1285464,서울특별시
281,2008,1285606,1062191,191059,149253,50513,36550,4734,27441,2726,407,564505,30379,4624,0,223415,158048,65367,142,1285464,울산광역시
282,2008,1285606,1062191,191059,149253,50513,36550,4734,27441,2726,407,564505,30379,4624,0,223415,158048,65367,142,1285464,인천광역시
283,2008,1285606,1062191,191059,149253,50513,36550,4734,27441,2726,407,564505,30379,4624,0,223415,158048,65367,142,1285464,전라남도
284,2008,1285606,1062191,191059,149253,50513,36550,4734,27441,2726,407,564505,30379,4624,0,223415,158048,65367,142,1285464,전라북도
285,2008,1285606,1062191,191059,149253,50513,36550,4734,27441,2726,407,564505,30379,4624,0,223415,158048,65367,142,1285464,제주도
286,2008,1285606,1062191,191059,149253,50513,36550,4734,27441,2726,407,564505,30379,4624,0,223415,158048,65367,142,1285464,충청남도
287,2008,1285606,1062191,191059,149253,50513,36550,4734,27441,2726,407,564505,30379,4624,0,223415,158048,65367,142,1285464,충청북도
288,2009,1372056,1170861,185307,215830,67856,45731,4861,26686,2328,513,573093,43527,5129,0,201196,132525,68671,223,1371833,강원도
289,2009,1372056,1170861,185307,215830,67856,45731,4861,26686,2328,513,573093,43527,5129,0,201196,132525,68671,223,1371833,경기도
290,2009,1372056,1170861,185307,215830,67856,45731,4861,26686,2328,513,573093,43527,5129,0,201196,132525,68671,223,1371833,경상남도
291,2009,1372056,1170861,185307,215830,67856,45731,4861,26686,2328,513,573093,43527,5129,0,201196,132525,68671,223,1371833,경상북도
292,2009,1372056,1170861,185307,215830,67856,45731,4861,26686,2328,513,573093,43527,5129,0,201196,132525,68671,223,1371833,광주광역시
293,2009,1372056,1170861,185307,215830,67856,45731,4861,26686,2328,513,573093,43527,5129,0,201196,132525,68671,223,1371833,대구광역시
294,2009,1372056,1170861,185307,215830,67856,45731,4861,26686,2328,513,573093,43527,5129,0,201196,132525,68671,223,1371833,대전광역시
295,2009,1372056,1170861,185307,215830,67856,45731,4861,26686,2328,513,573093,43527,5129,0,201196,132525,68671,223,1371833,부산광역시
296,2009,1372056,1170861,185307,215830,67856,45731,4861,26686,2328,513,573093,43527,5129,0,201196,132525,68671,223,1371833,서울특별시
297,2009,1372056,1170861,185307,215830,67856,45731,4861,26686,2328,513,573093,43527,5129,0,201196,132525,68671,223,1371833,울산광역시
298,2009,1372056,1170861,185307,215830,67856,45731,4861,26686,2328,513,573093,43527,5129,0,201196,132525,68671,223,1371833,인천광역시
299,2009,1372056,1170861,185307,215830,67856,45731,4861,26686,2328,513,573093,43527,5129,0,201196,132525,68671,223,1371833,전라남도
300,2009,1372056,1170861,185307,215830,67856,45731,4861,26686,2328,513,573093,43527,5129,0,201196,132525,68671,223,1371833,전라북도
301,2009,1372056,1170861,185307,215830,67856,45731,4861,26686,2328,513,573093,43527,5129,0,201196,132525,68671,223,1371833,제주도
302,2009,1372056,1170861,185307,215830,67856,45731,4861,26686,2328,513,573093,43527,5129,0,201196,132525,68671,223,1371833,충청남도
303,2009,1372056,1170861,185307,215830,67856,45731,4861,26686,2328,513,573093,43527,5129,0,201196,132525,68671,223,1371833,충청북도
304,2010,1421842,1216475,196633,192489,74399,50880,4963,26825,2072,463,603712,57128,6911,0,205368,135210,70158,159,1421684,강원도
305,2010,1421842,1216475,196633,192489,74399,50880,4963,26825,2072,463,603712,57128,6911,0,205368,135210,70158,159,1421684,경기도
306,2010,1421842,1216475,196633,192489,74399,50880,4963,26825,2072,463,603712,57128,6911,0,205368,135210,70158,159,1421684,경상남도
307,2010,1421842,1216475,196633,192489,74399,50880,4963,26825,2072,463,603712,57128,6911,0,205368,135210,70158,159,1421684,경상북도
308,2010,1421842,1216475,196633,192489,74399,50880,4963,26825,2072,463,603712,57128,6911,0,205368,135210,70158,159,1421684,광주광역시
309,2010,1421842,1216475,196633,192489,74399,50880,4963,26825,2072,463,603712,57128,6911,0,205368,135210,70158,159,1421684,대구광역시
310,2010,1421842,1216475,196633,192489,74399,50880,4963,26825,2072,463,603712,57128,6911,0,205368,135210,70158,159,1421684,대전광역시
311,2010,1421842,1216475,196633,192489,74399,50880,4963,26825,2072,463,603712,57128,6911,0,205368,135210,70158,159,1421684,부산광역시
312,2010,1421842,1216475,196633,192489,74399,50880,4963,26825,2072,463,603712,57128,6911,0,205368,135210,70158,159,1421684,서울특별시
313,2010,1421842,1216475,196633,192489,74399,50880,4963,26825,2072,463,603712,57128,6911,0,205368,135210,70158,159,1421684,울산광역시
314,2010,1421842,1216475,196633,192489,74399,50880,4963,26825,2072,463,603712,57128,6911,0,205368,135210,70158,159,1421684,인천광역시
315,2010,1421842,1216475,196633,192489,74399,50880,4963,26825,2072,463,603712,57128,6911,0,205368,135210,70158,159,1421684,전라남도
316,2010,1421842,1216475,196633,192489,74399,50880,4963,26825,2072,463,603712,57128,6911,0,205368,135210,70158,159,1421684,전라북도
317,2010,1421842,1216475,196633,192489,74399,50880,4963,26825,2072,463,603712,57128,6911,0,205368,135210,70158,159,1421684,제주도
318,2010,1421842,1216475,196633,192489,74399,50880,4963,26825,2072,463,603712,57128,6911,0,205368,135210,70158,159,1421684,충청남도
319,2010,1421842,1216475,196633,192489,74399,50880,4963,26825,2072,463,603712,57128,6911,0,205368,135210,70158,159,1421684,충청북도
320,2011,1508709,1297416,194107,198483,72373,57410,5658,29525,2176,548,670832,59421,6883,0,211293,137173,74120,213,1508496,강원도
321,2011,1508709,1297416,194107,198483,72373,57410,5658,29525,2176,548,670832,59421,6883,0,211293,137173,74120,213,1508496,경기도
322,2011,1508709,1297416,194107,198483,72373,57410,5658,29525,2176,548,670832,59421,6883,0,211293,137173,74120,213,1508496,경상남도
323,2011,1508709,1297416,194107,198483,72373,57410,5658,29525,2176,548,670832,59421,6883,0,211293,137173,74120,213,1508496,경상북도
324,2011,1508709,1297416,194107,198483,72373,57410,5658,29525,2176,548,670832,59421,6883,0,211293,137173,74120,213,1508496,광주광역시
325,2011,1508709,1297416,194107,198483,72373,57410,5658,29525,2176,548,670832,59421,6883,0,211293,137173,74120,213,1508496,대구광역시
326,2011,1508709,1297416,194107,198483,72373,57410,5658,29525,2176,548,670832,59421,6883,0,211293,137173,74120,213,1508496,대전광역시
327,2011,1508709,1297416,194107,198483,72373,57410,5658,29525,2176,548,670832,59421,6883,0,211293,137173,74120,213,1508496,부산광역시
328,2011,1508709,1297416,194107,198483,72373,57410,5658,29525,2176,548,670832,59421,6883,0,211293,137173,74120,213,1508496,서울특별시
329,2011,1508709,1297416,194107,198483,72373,57410,5658,29525,2176,548,670832,59421,6883,0,211293,137173,74120,213,1508496,울산광역시
330,2011,1508709,1297416,194107,198483,72373,57410,5658,29525,2176,548,670832,59421,6883,0,211293,137173,74120,213,1508496,인천광역시
331,2011,1508709,1297416,194107,198483,72373,57410,5658,29525,2176,548,670832,59421,6883,0,211293,137173,74120,213,1508496,전라남도
332,2011,1508709,1297416,194107,198483,72373,57410,5658,29525,2176,548,670832,59421,6883,0,211293,137173,74120,213,1508496,전라북도
333,2011,1508709,1297416,194107,198483,72373,57410,5658,29525,2176,548,670832,59421,6883,0,211293,137173,74120,213,1508496,제주도
334,2011,1508709,1297416,194107,198483,72373,57410,5658,29525,2176,548,670832,59421,6883,0,211293,137173,74120,213,1508496,충청남도
335,2011,1508709,1297416,194107,198483,72373,57410,5658,29525,2176,548,670832,59421,6883,0,211293,137173,74120,213,1508496,충청북도
336,2012,1825903,1610467,201418,188872,68292,60670,7202,29948,1826,481,992571,53275,5090,822,215435,152238,63197,154,1825748,강원도
337,2012,1825903,1610467,201418,188872,68292,60670,7202,29948,1826,481,992571,53275,5090,822,215435,152238,63197,154,1825748,경기도
338,2012,1825903,1610467,201418,188872,68292,60670,7202,29948,1826,481,992571,53275,5090,822,215435,152238,63197,154,1825748,경상남도
339,2012,1825903,1610467,201418,188872,68292,60670,7202,29948,1826,481,992571,53275,5090,822,215435,152238,63197,154,1825748,경상북도
340,2012,1825903,1610467,201418,188872,68292,60670,7202,29948,1826,481,992571,53275,5090,822,215435,152238,63197,154,1825748,광주광역시
341,2012,1825903,1610467,201418,188872,68292,60670,7202,29948,1826,481,992571,53275,5090,822,215435,152238,63197,154,1825748,대구광역시
342,2012,1825903,1610467,201418,188872,68292,60670,7202,29948,1826,481,992571,53275,5090,822,215435,152238,63197,154,1825748,대전광역시
343,2012,1825903,1610467,201418,188872,68292,60670,7202,29948,1826,481,992571,53275,5090,822,215435,152238,63197,154,1825748,부산광역시
344,2012,1825903,1610467,201418,188872,68292,60670,7202,29948,1826,481,992571,53275,5090,822,215435,152238,63197,154,1825748,서울특별시
345,2012,1825903,1610467,201418,188872,68292,60670,7202,29948,1826,481,992571,53275,5090,822,215435,152238,63197,154,1825748,울산광역시
346,2012,1825903,1610467,201418,188872,68292,60670,7202,29948,1826,481,992571,53275,5090,822,215435,152238,63197,154,1825748,인천광역시
347,2012,1825903,1610467,201418,188872,68292,60670,7202,29948,1826,481,992571,53275,5090,822,215435,152238,63197,154,1825748,전라남도
348,2012,1825903,1610467,201418,188872,68292,60670,7202,29948,1826,481,992571,53275,5090,822,215435,152238,63197,154,1825748,전라북도
349,2012,1825903,1610467,201418,188872,68292,60670,7202,29948,1826,481,992571,53275,5090,822,215435,152238,63197,154,1825748,제주도
350,2012,1825903,1610467,201418,188872,68292,60670,7202,29948,1826,481,992571,53275,5090,822,215435,152238,63197,154,1825748,충청남도
351,2012,1825903,1610467,201418,188872,68292,60670,7202,29948,1826,481,992571,53275,5090,822,215435,152238,63197,154,1825748,충청북도
352,2013,2157356,1903872,225782,239335,83067,62386,8991,28182,2222,340,1189167,59386,4771,244,253484,178188,75296,158,2157198,강원도
353,2013,2157356,1903872,225782,239335,83067,62386,8991,28182,2222,340,1189167,59386,4771,244,253484,178188,75296,158,2157198,경기도
354,2013,2157356,1903872,225782,239335,83067,62386,8991,28182,2222,340,1189167,59386,4771,244,253484,178188,75296,158,2157198,경상남도
355,2013,2157356,1903872,225782,239335,83067,62386,8991,28182,2222,340,1189167,59386,4771,244,253484,178188,75296,158,2157198,경상북도
356,2013,2157356,1903872,225782,239335,83067,62386,8991,28182,2222,340,1189167,59386,4771,244,253484,178188,75296,158,2157198,광주광역시
357,2013,2157356,1903872,225782,239335,83067,62386,8991,28182,2222,340,1189167,59386,4771,244,253484,178188,75296,158,2157198,대구광역시
358,2013,2157356,1903872,225782,239335,83067,62386,8991,28182,2222,340,1189167,59386,4771,244,253484,178188,75296,158,2157198,대전광역시
359,2013,2157356,1903872,225782,239335,83067,62386,8991,28182,2222,340,1189167,59386,4771,244,253484,178188,75296,158,2157198,부산광역시
360,2013,2157356,1903872,225782,239335,83067,62386,8991,28182,2222,340,1189167,59386,4771,244,253484,178188,75296,158,2157198,서울특별시
361,2013,2157356,1903872,225782,239335,83067,62386,8991,28182,2222,340,1189167,59386,4771,244,253484,178188,75296,158,2157198,울산광역시
362,2013,2157356,1903872,225782,239335,83067,62386,8991,28182,2222,340,1189167,59386,4771,244,253484,178188,75296,158,2157198,인천광역시
363,2013,2157356,1903872,225782,239335,83067,62386,8991,28182,2222,340,1189167,59386,4771,244,253484,178188,75296,158,2157198,전라남도
364,2013,2157356,1903872,225782,239335,83067,62386,8991,28182,2222,340,1189167,59386,4771,244,253484,178188,75296,158,2157198,전라북도
365,2013,2157356,1903872,225782,239335,83067,62386,8991,28182,2222,340,1189167,59386,4771,244,253484,178188,75296,158,2157198,제주도
366,2013,2157356,1903872,225782,239335,83067,62386,8991,28182,2222,340,1189167,59386,4771,244,253484,178188,75296,158,2157198,충청남도
367,2013,2157356,1903872,225782,239335,83067,62386,8991,28182,2222,340,1189167,59386,4771,244,253484,178188,75296,158,2157198,충청북도
368,2014,2137061,1908302,225388,231604,87299,69229,9871,25620,2733,15603,1163917,70812,5824,402,228760,152984,75776,85,2136977,강원도
369,2014,2137061,1908302,225388,231604,87299,69229,9871,25620,2733,15603,1163917,70812,5824,402,228760,152984,75776,85,2136977,경기도
370,2014,2137061,1908302,225388,231604,87299,69229,9871,25620,2733,15603,1163917,70812,5824,402,228760,152984,75776,85,2136977,경상남도
371,2014,2137061,1908302,225388,231604,87299,69229,9871,25620,2733,15603,1163917,70812,5824,402,228760,152984,75776,85,2136977,경상북도
372,2014,2137061,1908302,225388,231604,87299,69229,9871,25620,2733,15603,1163917,70812,5824,402,228760,152984,75776,85,2136977,광주광역시
373,2014,2137061,1908302,225388,231604,87299,69229,9871,25620,2733,15603,1163917,70812,5824,402,228760,152984,75776,85,2136977,대구광역시
374,2014,2137061,1908302,225388,231604,87299,69229,9871,25620,2733,15603,1163917,70812,5824,402,228760,152984,75776,85,2136977,대전광역시
375,2014,2137061,1908302,225388,231604,87299,69229,9871,25620,2733,15603,1163917,70812,5824,402,228760,152984,75776,85,2136977,부산광역시
376,2014,2137061,1908302,225388,231604,87299,69229,9871,25620,2733,15603,1163917,70812,5824,402,228760,152984,75776,85,2136977,서울특별시
377,2014,2137061,1908302,225388,231604,87299,69229,9871,25620,2733,15603,1163917,70812,5824,402,228760,152984,75776,85,2136977,울산광역시
378,2014,2137061,1908302,225388,231604,87299,69229,9871,25620,2733,15603,1163917,70812,5824,402,228760,152984,75776,85,2136977,인천광역시
379,2014,2137061,1908302,225388,231604,87299,69229,9871,25620,2733,15603,1163917,70812,5824,402,228760,152984,75776,85,2136977,전라남도
380,2014,2137061,1908302,225388,231604,87299,69229,9871,25620,2733,15603,1163917,70812,5824,402,228760,152984,75776,85,2136977,전라북도
381,2014,2137061,1908302,225388,231604,87299,69229,9871,25620,2733,15603,1163917,70812,5824,402,228760,152984,75776,85,2136977,제주도
382,2014,2137061,1908302,225388,231604,87299,69229,9871,25620,2733,15603,1163917,70812,5824,402,228760,152984,75776,85,2136977,충청남도
383,2014,2137061,1908302,225388,231604,87299,69229,9871,25620,2733,15603,1163917,70812,5824,402,228760,152984,75776,85,2136977,충청북도
384,2015,2165649,1954795,240451,236131,99377,65400,7868,34388,2759,19278,1184699,56855,7189,401,210854,172997,37857,345,2165303,강원도
385,2015,2165649,1954795,240451,236131,99377,65400,7868,34388,2759,19278,1184699,56855,7189,401,210854,172997,37857,345,2165303,경기도
386,2015,2165649,1954795,240451,236131,99377,65400,7868,34388,2759,19278,1184699,56855,7189,401,210854,172997,37857,345,2165303,경상남도
387,2015,2165649,1954795,240451,236131,99377,65400,7868,34388,2759,19278,1184699,56855,7189,401,210854,172997,37857,345,2165303,경상북도
388,2015,2165649,1954795,240451,236131,99377,65400,7868,34388,2759,19278,1184699,56855,7189,401,210854,172997,37857,345,2165303,광주광역시
389,2015,2165649,1954795,240451,236131,99377,65400,7868,34388,2759,19278,1184699,56855,7189,401,210854,172997,37857,345,2165303,대구광역시
390,2015,2165649,1954795,240451,236131,99377,65400,7868,34388,2759,19278,1184699,56855,7189,401,210854,172997,37857,345,2165303,대전광역시
391,2015,2165649,1954795,240451,236131,99377,65400,7868,34388,2759,19278,1184699,56855,7189,401,210854,172997,37857,345,2165303,부산광역시
392,2015,2165649,1954795,240451,236131,99377,65400,7868,34388,2759,19278,1184699,56855,7189,401,210854,172997,37857,345,2165303,서울특별시
393,2015,2165649,1954795,240451,236131,99377,65400,7868,34388,2759,19278,1184699,56855,7189,401,210854,172997,37857,345,2165303,울산광역시
394,2015,2165649,1954795,240451,236131,99377,65400,7868,34388,2759,19278,1184699,56855,7189,401,210854,172997,37857,345,2165303,인천광역시
395,2015,2165649,1954795,240451,236131,99377,65400,7868,34388,2759,19278,1184699,56855,7189,401,210854,172997,37857,345,2165303,전라남도
396,2015,2165649,1954795,240451,236131,99377,65400,7868,34388,2759,19278,1184699,56855,7189,401,210854,172997,37857,345,2165303,전라북도
397,2015,2165649,1954795,240451,236131,99377,65400,7868,34388,2759,19278,1184699,56855,7189,401,210854,172997,37857,345,2165303,제주도
398,2015,2165649,1954795,240451,236131,99377,65400,7868,34388,2759,19278,1184699,56855,7189,401,210854,172997,37857,345,2165303,충청남도
399,2015,2165649,1954795,240451,236131,99377,65400,7868,34388,2759,19278,1184699,56855,7189,401,210854,172997,37857,345,2165303,충청북도
400,2016,2445486,2219076,234479,240611,131374,78032,8208,22506,2601,12796,1378130,98332,11477,531,226410,186176,40234,3019,2442467,강원도
401,2016,2445486,2219076,234479,240611,131374,78032,8208,22506,2601,12796,1378130,98332,11477,531,226410,186176,40234,3019,2442467,경기도
402,2016,2445486,2219076,234479,240611,131374,78032,8208,22506,2601,12796,1378130,98332,11477,531,226410,186176,40234,3019,2442467,경상남도
403,2016,2445486,2219076,234479,240611,131374,78032,8208,22506,2601,12796,1378130,98332,11477,531,226410,186176,40234,3019,2442467,경상북도
404,2016,2445486,2219076,234479,240611,131374,78032,8208,22506,2601,12796,1378130,98332,11477,531,226410,186176,40234,3019,2442467,광주광역시
405,2016,2445486,2219076,234479,240611,131374,78032,8208,22506,2601,12796,1378130,98332,11477,531,226410,186176,40234,3019,2442467,대구광역시
406,2016,2445486,2219076,234479,240611,131374,78032,8208,22506,2601,12796,1378130,98332,11477,531,226410,186176,40234,3019,2442467,대전광역시
407,2016,2445486,2219076,234479,240611,131374,78032,8208,22506,2601,12796,1378130,98332,11477,531,226410,186176,40234,3019,2442467,부산광역시
408,2016,2445486,2219076,234479,240611,131374,78032,8208,22506,2601,12796,1378130,98332,11477,531,226410,186176,40234,3019,2442467,서울특별시
409,2016,2445486,2219076,234479,240611,131374,78032,8208,22506,2601,12796,1378130,98332,11477,531,226410,186176,40234,3019,2442467,울산광역시
410,2016,2445486,2219076,234479,240611,131374,78032,8208,22506,2601,12796,1378130,98332,11477,531,226410,186176,40234,3019,2442467,인천광역시
411,2016,2445486,2219076,234479,240611,131374,78032,8208,22506,2601,12796,1378130,98332,11477,531,226410,186176,40234,3019,2442467,전라남도
412,2016,2445486,2219076,234479,240611,131374,78032,8208,22506,2601,12796,1378130,98332,11477,531,226410,186176,40234,3019,2442467,전라북도
413,2016,2445486,2219076,234479,240611,131374,78032,8208,22506,2601,12796,1378130,98332,11477,531,226410,186176,40234,3019,2442467,제주도
414,2016,2445486,2219076,234479,240611,131374,78032,8208,22506,2601,12796,1378130,98332,11477,531,226410,186176,40234,3019,2442467,충청남도
415,2016,2445486,2219076,234479,240611,131374,78032,8208,22506,2601,12796,1378130,98332,11477,531,226410,186176,40234,3019,2442467,충청북도
416,2017,2493505,2257806,267124,232688,121607,76496,7349,22756,2697,11567,1397654,108519,8597,752,235699,204168,31531,117,2493387,강원도
417,2017,2493505,2257806,267124,232688,121607,76496,7349,22756,2697,11567,1397654,108519,8597,752,235699,204168,31531,117,2493387,경기도
418,2017,2493505,2257806,267124,232688,121607,76496,7349,22756,2697,11567,1397654,108519,8597,752,235699,204168,31531,117,2493387,경상남도
419,2017,2493505,2257806,267124,232688,121607,76496,7349,22756,2697,11567,1397654,108519,8597,752,235699,204168,31531,117,2493387,경상북도
420,2017,2493505,2257806,267124,232688,121607,76496,7349,22756,2697,11567,1397654,108519,8597,752,235699,204168,31531,117,2493387,광주광역시
421,2017,2493505,2257806,267124,232688,121607,76496,7349,22756,2697,11567,1397654,108519,8597,752,235699,204168,31531,117,2493387,대구광역시
422,2017,2493505,2257806,267124,232688,121607,76496,7349,22756,2697,11567,1397654,108519,8597,752,235699,204168,31531,117,2493387,대전광역시
423,2017,2493505,2257806,267124,232688,121607,76496,7349,22756,2697,11567,1397654,108519,8597,752,235699,204168,31531,117,2493387,부산광역시
424,2017,2493505,2257806,267124,232688,121607,76496,7349,22756,2697,11567,1397654,108519,8597,752,235699,204168,31531,117,2493387,서울특별시
425,2017,2493505,2257806,267124,232688,121607,76496,7349,22756,2697,11567,1397654,108519,8597,752,235699,204168,31531,117,2493387,울산광역시
426,2017,2493505,2257806,267124,232688,121607,76496,7349,22756,2697,11567,1397654,108519,8597,752,235699,204168,31531,117,2493387,인천광역시
427,2017,2493505,2257806,267124,232688,121607,76496,7349,22756,2697,11567,1397654,108519,8597,752,235699,204168,31531,117,2493387,전라남도
428,2017,2493505,2257806,267124,232688,121607,76496,7349,22756,2697,11567,1397654,108519,8597,752,235699,204168,31531,117,2493387,전라북도
429,2017,2493505,2257806,267124,232688,121607,76496,7349,22756,2697,11567,1397654,108519,8597,752,235699,204168,31531,117,2493387,제주도
430,2017,2493505,2257806,267124,232688,121607,76496,7349,22756,2697,11567,1397654,108519,8597,752,235699,204168,31531,117,2493387,충청남도
431,2017,2493505,2257806,267124,232688,121607,76496,7349,22756,2697,11567,1397654,108519,8597,752,235699,204168,31531,117,2493387,충청북도
432,2018,2537446,2307385,233433,256820,115924,75078,8505,26612,4758,12116,1371165,115376,87135,465,230061,197522,32538,0,2537446,강원도
433,2018,2537446,2307385,233433,256820,115924,75078,8505,26612,4758,12116,1371165,115376,87135,465,230061,197522,32538,0,2537446,경기도
434,2018,2537446,2307385,233433,256820,115924,75078,8505,26612,4758,12116,1371165,115376,87135,465,230061,197522,32538,0,2537446,경상남도
435,2018,2537446,2307385,233433,256820,115924,75078,8505,26612,4758,12116,1371165,115376,87135,465,230061,197522,32538,0,2537446,경상북도
436,2018,2537446,2307385,233433,256820,115924,75078,8505,26612,4758,12116,1371165,115376,87135,465,230061,197522,32538,0,2537446,광주광역시
437,2018,2537446,2307385,233433,256820,115924,75078,8505,26612,4758,12116,1371165,115376,87135,465,230061,197522,32538,0,2537446,대구광역시
438,2018,2537446,2307385,233433,256820,115924,75078,8505,26612,4758,12116,1371165,115376,87135,465,230061,197522,32538,0,2537446,대전광역시
439,2018,2537446,2307385,233433,256820,115924,75078,8505,26612,4758,12116,1371165,115376,87135,465,230061,197522,32538,0,2537446,부산광역시
440,2018,2537446,2307385,233433,256820,115924,75078,8505,26612,4758,12116,1371165,115376,87135,465,230061,197522,32538,0,2537446,서울특별시
441,2018,2537446,2307385,233433,256820,115924,75078,8505,26612,4758,12116,1371165,115376,87135,465,230061,197522,32538,0,2537446,울산광역시
442,2018,2537446,2307385,233433,256820,115924,75078,8505,26612,4758,12116,1371165,115376,87135,465,230061,197522,32538,0,2537446,인천광역시
443,2018,2537446,2307385,233433,256820,115924,75078,8505,26612,4758,12116,1371165,115376,87135,465,230061,197522,32538,0,2537446,전라남도
444,2018,2537446,2307385,233433,256820,115924,75078,8505,26612,4758,12116,1371165,115376,87135,465,230061,197522,32538,0,2537446,전라북도
445,2018,2537446,2307385,233433,256820,115924,75078,8505,26612,4758,12116,1371165,115376,87135,465,230061,197522,32538,0,2537446,제주도
446,2018,2537446,2307385,233433,256820,115924,75078,8505,26612,4758,12116,1371165,115376,87135,465,230061,197522,32538,0,2537446,충청남도
447,2018,2537446,2307385,233433,256820,115924,75078,8505,26612,4758,12116,1371165,115376,87135,465,230061,197522,32538,0,2537446,충청북도
448,2019,2533348,2304559,240134,257493,127549,69943,7378,20032,4634,9018,1369916,150036,48029,398,228789,195603,33186,530,2532818,강원도
449,2019,2533348,2304559,240134,257493,127549,69943,7378,20032,4634,9018,1369916,150036,48029,398,228789,195603,33186,530,2532818,경기도
450,2019,2533348,2304559,240134,257493,127549,69943,7378,20032,4634,9018,1369916,150036,48029,398,228789,195603,33186,530,2532818,경상남도
451,2019,2533348,2304559,240134,257493,127549,69943,7378,20032,4634,9018,1369916,150036,48029,398,228789,195603,33186,530,2532818,경상북도
452,2019,2533348,2304559,240134,257493,127549,69943,7378,20032,4634,9018,1369916,150036,48029,398,228789,195603,33186,530,2532818,광주광역시
453,2019,2533348,2304559,240134,257493,127549,69943,7378,20032,4634,9018,1369916,150036,48029,398,228789,195603,33186,530,2532818,대구광역시
454,2019,2533348,2304559,240134,257493,127549,69943,7378,20032,4634,9018,1369916,150036,48029,398,228789,195603,33186,530,2532818,대전광역시
455,2019,2533348,2304559,240134,257493,127549,69943,7378,20032,4634,9018,1369916,150036,48029,398,228789,195603,33186,530,2532818,부산광역시
456,2019,2533348,2304559,240134,257493,127549,69943,7378,20032,4634,9018,1369916,150036,48029,398,228789,195603,33186,530,2532818,서울특별시
457,2019,2533348,2304559,240134,257493,127549,69943,7378,20032,4634,9018,1369916,150036,48029,398,228789,195603,33186,530,2532818,울산광역시
458,2019,2533348,2304559,240134,257493,127549,69943,7378,20032,4634,9018,1369916,150036,48029,398,228789,195603,33186,530,2532818,인천광역시
459,2019,2533348,2304559,240134,257493,127549,69943,7378,20032,4634,9018,1369916,150036,48029,398,228789,195603,33186,530,2532818,전라남도
460,2019,2533348,2304559,240134,257493,127549,69943,7378,20032,4634,9018,1369916,150036,48029,398,228789,195603,33186,530,2532818,전라북도
461,2019,2533348,2304559,240134,257493,127549,69943,7378,20032,4634,9018,1369916,150036,48029,398,228789,195603,33186,530,2532818,제주도
462,2019,2533348,2304559,240134,257493,127549,69943,7378,20032,4634,9018,1369916,150036,48029,398,228789,195603,33186,530,2532818,충청남도
463,2019,2533348,2304559,240134,257493,127549,69943,7378,20032,4634,9018,1369916,150036,48029,398,228789,195603,33186,530,2532818,충청북도
