,카드뮴 Cd,구리 Cu,비소 As,수은 Hg,납 Pb,6가크롬 Cr6+,아연 Zn,니켈 Ni,불소 F,유기인,폴리클로리네이티드비페닐 PCB,시안 CN,페놀류,유류,트리클로로에틸렌 TCE,테트라클로로에틸렌 PCE,수소이온농도 pH
1975_강원도,0.046661,13.4487365,2.7085425,0.019909999999999997,9.327629000000002,0.158461,44.53289,9.7297745,0.0,0.0,0.0,0.0,0.0,0.0,0.0,0.0,3.3044080000000005
1975_경기도,0.044,12.878,2.556,0.019,8.8015,0.1535,42.21,9.1655,0.0,0.0,0.0,0.0,0.0,0.0,0.0,0.0,3.112
1975_경상남도,0.06988499999999999,18.5812605,4.0413465,0.028025999999999995,13.923926999999999,0.204903,64.97325000000001,14.6472525,0.0,0.0,0.0,0.0,0.0,0.0,0.0,0.0,4.980600000000001
1975_경상북도,0.07009699999999999,18.6184625,4.053418499999999,0.028089,13.965598499999999,0.2051265,65.14918,14.692604,0.0,0.0,0.0,0.0,0.0,0.0,0.0,0.0,4.996096
1975_광주광역시,0.0,0.0,0.0,0.0,0.0,0.0,0.0,0.0,0.0,0.0,0.0,0.0,0.0,0.0,0.0,0.0,0.0
1975_대구광역시,0.0,0.0,0.0,0.0,0.0,0.0,0.0,0.0,0.0,0.0,0.0,0.0,0.0,0.0,0.0,0.0,0.0
1975_대전광역시,0.0,0.0,0.0,0.0,0.0,0.0,0.0,0.0,0.0,0.0,0.0,0.0,0.0,0.0,0.0,0.0,0.0
1975_부산광역시,0.06745000000000001,17.412025,3.895425,0.02645,13.423325,0.186925,62.133,14.1619,0.0,0.0,0.0,0.0,0.0,0.0,0.0,0.0,4.8176000000000005
1975_서울특별시,0.0,0.0,0.0,0.0,0.0,0.0,0.0,0.0,0.0,0.0,0.0,0.0,0.0,0.0,0.0,0.0,0.0
1975_세종특별자치시,0.0,0.0,0.0,0.0,0.0,0.0,0.0,0.0,0.0,0.0,0.0,0.0,0.0,0.0,0.0,0.0,0.0
1975_울산광역시,0.0,0.0,0.0,0.0,0.0,0.0,0.0,0.0,0.0,0.0,0.0,0.0,0.0,0.0,0.0,0.0,0.0
1975_인천광역시,0.0,0.0,0.0,0.0,0.0,0.0,0.0,0.0,0.0,0.0,0.0,0.0,0.0,0.0,0.0,0.0,0.0
1975_전라남도,0.059781,16.356976500000002,3.4615725,0.024505,11.9244865,0.1848785,56.08994,12.507401999999999,0.0,0.0,0.0,0.0,0.0,0.0,0.0,0.0,4.251168
1975_전라북도,0.055135,15.326393500000002,3.1949055,0.022877,11.004876500000002,0.1755085,51.9966,11.523835,0.0,0.0,0.0,0.0,0.0,0.0,0.0,0.0,3.9159200000000003
1975_제주도,0.044,12.878,2.556,0.019,8.8015,0.1535,42.21,9.1655,0.0,0.0,0.0,0.0,0.0,0.0,0.0,0.0,3.112
1975_충청남도,0.048385,13.8415105,2.8075965000000003,0.020526,9.669177,0.162153,46.063250000000004,10.0942525,0.0,0.0,0.0,0.0,0.0,0.0,0.0,0.0,3.4286000000000003
1975_충청북도,0.050848,13.329376,2.938602,0.020173,10.1253505,0.1451345,47.06407,10.6663885,0.0,0.0,0.0,0.0,0.0,0.0,0.0,0.0,3.627704
1976_강원도,0.058154,14.244017,3.351033,0.021922,11.550565,0.145205,52.721160000000005,12.246908000000001,0.0,0.0,0.0,0.0,0.0,0.0,0.0,0.0,4.169152
1976_경기도,0.022,6.439,1.278,0.0095,4.40075,0.07675,21.105,4.58275,0.0,0.0,0.0,0.0,0.0,0.0,0.0,0.0,1.556
1976_경상남도,0.054792999999999994,12.934202500000001,3.1525965,0.020096,10.868593999999998,0.126706,49.136669999999995,11.562413500000002,0.0,0.0,0.0,0.0,0.0,0.0,0.0,0.0,3.9380240000000004
1976_경상북도,0.053077,12.4319605,3.0529125,0.019355,10.525335499999999,0.12071950000000001,47.49048,11.204959,0.0,0.0,0.0,0.0,0.0,0.0,0.0,0.0,3.816656
1976_광주광역시,0.0,0.0,0.0,0.0,0.0,0.0,0.0,0.0,0.0,0.0,0.0,0.0,0.0,0.0,0.0,0.0,0.0
1976_대구광역시,0.0,0.0,0.0,0.0,0.0,0.0,0.0,0.0,0.0,0.0,0.0,0.0,0.0,0.0,0.0,0.0,0.0
1976_대전광역시,0.0,0.0,0.0,0.0,0.0,0.0,0.0,0.0,0.0,0.0,0.0,0.0,0.0,0.0,0.0,0.0,0.0
1976_부산광역시,0.04436,11.36834,2.5610999999999997,0.0173,8.82569,0.12121000000000001,40.7714,9.31787,0.0,0.0,0.0,0.0,0.0,0.0,0.0,0.0,3.1700800000000005
1976_서울특별시,0.0,0.0,0.0,0.0,0.0,0.0,0.0,0.0,0.0,0.0,0.0,0.0,0.0,0.0,0.0,0.0,0.0
1976_세종특별자치시,0.0,0.0,0.0,0.0,0.0,0.0,0.0,0.0,0.0,0.0,0.0,0.0,0.0,0.0,0.0,0.0,0.0
1976_울산광역시,0.0,0.0,0.0,0.0,0.0,0.0,0.0,0.0,0.0,0.0,0.0,0.0,0.0,0.0,0.0,0.0,0.0
1976_인천광역시,0.0,0.0,0.0,0.0,0.0,0.0,0.0,0.0,0.0,0.0,0.0,0.0,0.0,0.0,0.0,0.0,0.0
1976_전라남도,0.063817,15.5877865,3.6769304999999997,0.024007,12.6740695,0.15844550000000002,57.80727999999999,13.441579,0.0,0.0,0.0,0.0,0.0,0.0,0.0,0.0,4.576016
1976_전라북도,0.059649999999999995,14.408557,3.4352609999999997,0.022254,11.841722999999998,0.14474700000000001,53.8544,12.57163,0.0,0.0,0.0,0.0,0.0,0.0,0.0,0.0,4.280480000000001
1976_제주도,0.050591,12.729273500000001,2.9185334999999997,0.019459,10.0583995,0.1333355,46.23774,10.638002,0.0,0.0,0.0,0.0,0.0,0.0,0.0,0.0,3.6201280000000002
1976_충청남도,0.061333,15.0719605,3.5347005,0.023177,12.183438500000001,0.1541665,55.657619999999994,12.914026,0.0,0.0,0.0,0.0,0.0,0.0,0.0,0.0,4.396064000000001
1976_충청북도,0.04830299999999999,11.1030255,2.7762555,0.017372,9.572396,0.10548400000000001,42.986169999999994,10.2072285,0.0,0.0,0.0,0.0,0.0,0.0,0.0,0.0,3.477624
1977_강원도,0.04984399999999999,14.153618,2.891226,0.021024,9.957624000000001,0.164856,47.33596,10.403678,0.0,0.0,0.0,0.0,0.0,0.0,0.0,0.0,3.5341120000000004
1977_경기도,0.044,12.878,2.556,0.019,8.8015,0.1535,42.21,9.1655,0.0,0.0,0.0,0.0,0.0,0.0,0.0,0.0,3.112
1977_경상남도,0.069671,18.5372615,4.0290975,0.027955,13.8816715,0.2045435,64.78854,14.601782,0.0,0.0,0.0,0.0,0.0,0.0,0.0,0.0,4.965088
1977_경상북도,0.07035799999999999,18.685534999999998,4.068489,0.028190999999999997,14.0175315,0.2058435,65.38927000000001,14.747418499999998,0.0,0.0,0.0,0.0,0.0,0.0,0.0,0.0,5.014744
1977_광주광역시,0.0,0.0,0.0,0.0,0.0,0.0,0.0,0.0,0.0,0.0,0.0,0.0,0.0,0.0,0.0,0.0,0.0
1977_대구광역시,0.0,0.0,0.0,0.0,0.0,0.0,0.0,0.0,0.0,0.0,0.0,0.0,0.0,0.0,0.0,0.0,0.0
1977_대전광역시,0.0,0.0,0.0,0.0,0.0,0.0,0.0,0.0,0.0,0.0,0.0,0.0,0.0,0.0,0.0,0.0,0.0
1977_부산광역시,0.05392199999999999,14.893725,3.123681,0.022263999999999996,10.759936,0.16966399999999998,50.74717999999999,11.274878999999999,0.0,0.0,0.0,0.0,0.0,0.0,0.0,0.0,3.831696
1977_서울특별시,0.0,0.0,0.0,0.0,0.0,0.0,0.0,0.0,0.0,0.0,0.0,0.0,0.0,0.0,0.0,0.0,0.0
1977_세종특별자치시,0.0,0.0,0.0,0.0,0.0,0.0,0.0,0.0,0.0,0.0,0.0,0.0,0.0,0.0,0.0,0.0,0.0
1977_울산광역시,0.0,0.0,0.0,0.0,0.0,0.0,0.0,0.0,0.0,0.0,0.0,0.0,0.0,0.0,0.0,0.0,0.0
1977_인천광역시,0.0,0.0,0.0,0.0,0.0,0.0,0.0,0.0,0.0,0.0,0.0,0.0,0.0,0.0,0.0,0.0,0.0
1977_전라남도,0.048084999999999996,13.7785525,2.7904125,0.020425,9.6099025,0.1616225,45.8029,10.030569999999999,0.0,0.0,0.0,0.0,0.0,0.0,0.0,0.0,3.40688
1977_전라북도,0.060809999999999996,16.574289,3.5205270000000004,0.024853,12.127838500000001,0.1867265,56.98445,12.7257675,0.0,0.0,0.0,0.0,0.0,0.0,0.0,0.0,4.32564
1977_제주도,0.044,12.878,2.556,0.019,8.8015,0.1535,42.21,9.1655,0.0,0.0,0.0,0.0,0.0,0.0,0.0,0.0,3.112
1977_충청남도,0.047698,13.693237,2.768205,0.02029,9.533317,0.160853,45.46252,9.948616,0.0,0.0,0.0,0.0,0.0,0.0,0.0,0.0,3.378944
1977_충청북도,0.06820999999999999,17.945045,3.942615,0.027135,13.584547500000001,0.19602750000000002,63.20515,14.305332499999999,0.0,0.0,0.0,0.0,0.0,0.0,0.0,0.0,4.865080000000001
1978_강원도,0.043758,11.235627000000001,2.526555,0.01709,8.706557,0.12001300000000001,40.24192,9.190386,0.0,0.0,0.0,0.0,0.0,0.0,0.0,0.0,3.126624
1978_경기도,0.022,6.439,1.278,0.0095,4.40075,0.07675,21.105,4.58275,0.0,0.0,0.0,0.0,0.0,0.0,0.0,0.0,1.556
1978_경상남도,0.05501299999999999,12.9985925,3.1653765,0.020191,10.9126015,0.12747350000000002,49.347719999999995,11.608241000000001,0.0,0.0,0.0,0.0,0.0,0.0,0.0,0.0,3.953584
1978_경상북도,0.053384999999999995,12.5221065,3.0708045,0.019488,10.586946,0.121794,47.78595,11.2691175,0.0,0.0,0.0,0.0,0.0,0.0,0.0,0.0,3.8384400000000003
1978_광주광역시,0.0,0.0,0.0,0.0,0.0,0.0,0.0,0.0,0.0,0.0,0.0,0.0,0.0,0.0,0.0,0.0,0.0
1978_대구광역시,0.0,0.0,0.0,0.0,0.0,0.0,0.0,0.0,0.0,0.0,0.0,0.0,0.0,0.0,0.0,0.0,0.0
1978_대전광역시,0.0,0.0,0.0,0.0,0.0,0.0,0.0,0.0,0.0,0.0,0.0,0.0,0.0,0.0,0.0,0.0,0.0
1978_부산광역시,0.020724,6.065538,1.203876,0.008948999999999999,4.1455065,0.0722985,19.88091,4.3169505,0.0,0.0,0.0,0.0,0.0,0.0,0.0,0.0,1.465752
1978_서울특별시,0.0,0.0,0.0,0.0,0.0,0.0,0.0,0.0,0.0,0.0,0.0,0.0,0.0,0.0,0.0,0.0,0.0
1978_세종특별자치시,0.0,0.0,0.0,0.0,0.0,0.0,0.0,0.0,0.0,0.0,0.0,0.0,0.0,0.0,0.0,0.0,0.0
1978_울산광역시,0.0,0.0,0.0,0.0,0.0,0.0,0.0,0.0,0.0,0.0,0.0,0.0,0.0,0.0,0.0,0.0,0.0
1978_인천광역시,0.0,0.0,0.0,0.0,0.0,0.0,0.0,0.0,0.0,0.0,0.0,0.0,0.0,0.0,0.0,0.0,0.0
1978_전라남도,0.063815,15.5809895,3.6767535,0.023999,12.673485499999998,0.1583095,57.7985,13.44146,0.0,0.0,0.0,0.0,0.0,0.0,0.0,0.0,4.5760000000000005
1978_전라북도,0.05924499999999999,14.2620685,3.4114605,0.022047,11.759881499999999,0.1427535,53.434999999999995,12.488605,0.0,0.0,0.0,0.0,0.0,0.0,0.0,0.0,4.2524
1978_제주도,0.022,6.439,1.278,0.0095,4.40075,0.07675,21.105,4.58275,0.0,0.0,0.0,0.0,0.0,0.0,0.0,0.0,1.556
1978_충청남도,0.061442,15.032428999999999,3.5403329999999995,0.023142,12.203126999999999,0.153063,55.68328,12.940154,0.0,0.0,0.0,0.0,0.0,0.0,0.0,0.0,4.405216
1978_충청북도,0.022,6.439,1.278,0.0095,4.40075,0.07675,21.105,4.58275,0.0,0.0,0.0,0.0,0.0,0.0,0.0,0.0,1.556
1979_강원도,0.059625,16.2367785,3.4517805,0.024352,11.891074000000001,0.182786,55.85795,12.4784775,0.0,0.0,0.0,0.0,0.0,0.0,0.0,0.0,4.24164
1979_경기도,0.052027,14.1931195,3.0121694999999997,0.021278,10.376549,0.160021,48.768029999999996,10.887131499999999,0.0,0.0,0.0,0.0,0.0,0.0,0.0,0.0,3.700616
1979_경상남도,0.07422799999999999,19.53869,4.290564,0.029540999999999998,14.783386499999999,0.2135385,68.79307,15.566958499999998,0.0,0.0,0.0,0.0,0.0,0.0,0.0,0.0,5.294104000000001
1979_경상북도,0.076377,20.009266500000003,4.4138505,0.030287,15.208569500000001,0.21774549999999998,70.67968,16.022199,0.0,0.0,0.0,0.0,0.0,0.0,0.0,0.0,5.449296
1979_광주광역시,0.0,0.0,0.0,0.0,0.0,0.0,0.0,0.0,0.0,0.0,0.0,0.0,0.0,0.0,0.0,0.0,0.0
1979_대구광역시,0.0,0.0,0.0,0.0,0.0,0.0,0.0,0.0,0.0,0.0,0.0,0.0,0.0,0.0,0.0,0.0,0.0
1979_대전광역시,0.0,0.0,0.0,0.0,0.0,0.0,0.0,0.0,0.0,0.0,0.0,0.0,0.0,0.0,0.0,0.0,0.0
1979_부산광역시,0.05508099999999999,14.0496265,3.1794225000000003,0.021405,10.9567365,0.1491285,50.55194,11.573001999999999,0.0,0.0,0.0,0.0,0.0,0.0,0.0,0.0,3.937568
1979_서울특별시,0.0,0.0,0.0,0.0,0.0,0.0,0.0,0.0,0.0,0.0,0.0,0.0,0.0,0.0,0.0,0.0,0.0
1979_세종특별자치시,0.0,0.0,0.0,0.0,0.0,0.0,0.0,0.0,0.0,0.0,0.0,0.0,0.0,0.0,0.0,0.0,0.0
1979_울산광역시,0.0,0.0,0.0,0.0,0.0,0.0,0.0,0.0,0.0,0.0,0.0,0.0,0.0,0.0,0.0,0.0,0.0
1979_인천광역시,0.0,0.0,0.0,0.0,0.0,0.0,0.0,0.0,0.0,0.0,0.0,0.0,0.0,0.0,0.0,0.0,0.0
1979_전라남도,0.051782999999999996,14.5937895,3.0026175,0.021714999999999998,10.3417195,0.1689755,49.05542,10.813686,0.0,0.0,0.0,0.0,0.0,0.0,0.0,0.0,3.673824
1979_전라북도,0.06107,16.637963,3.5355090000000002,0.024950999999999997,12.1794795,0.1873755,57.220150000000004,12.7805225,0.0,0.0,0.0,0.0,0.0,0.0,0.0,0.0,4.34428
1979_제주도,0.044,12.878,2.556,0.019,8.8015,0.1535,42.21,9.1655,0.0,0.0,0.0,0.0,0.0,0.0,0.0,0.0,3.112
1979_충청남도,0.056382,15.601299000000001,3.266463,0.023312,11.251652,0.177988,53.093379999999996,11.787908999999999,0.0,0.0,0.0,0.0,0.0,0.0,0.0,0.0,4.005936
1979_충청북도,0.043,9.4795,2.4675,0.015,8.5095,0.0855,37.82,9.106,0.0,0.0,0.0,0.0,0.0,0.0,0.0,0.0,3.104
1980_강원도,0.022,6.439,1.278,0.0095,4.40075,0.07675,21.105,4.58275,0.0,0.0,0.0,0.0,0.0,0.0,0.0,0.0,1.556
1980_경기도,0.0,0.0,0.0,0.0,0.0,0.0,0.0,0.0,0.0,0.0,0.0,0.0,0.0,0.0,0.0,0.0,0.0
1980_경상남도,0.05245999999999999,12.24827,3.0170399999999997,0.019084999999999998,10.4018225,0.11850250000000001,46.89515,11.0765825,0.0,0.0,0.0,0.0,0.0,0.0,0.0,0.0,3.77308
1980_경상북도,0.047619999999999996,10.83169,2.73588,0.016995,9.433657499999999,0.1016175,42.25205,10.0683775,0.0,0.0,0.0,0.0,0.0,0.0,0.0,0.0,3.4307600000000003
1980_광주광역시,0.0,0.0,0.0,0.0,0.0,0.0,0.0,0.0,0.0,0.0,0.0,0.0,0.0,0.0,0.0,0.0,0.0
1980_대구광역시,0.0,0.0,0.0,0.0,0.0,0.0,0.0,0.0,0.0,0.0,0.0,0.0,0.0,0.0,0.0,0.0,0.0
1980_대전광역시,0.0,0.0,0.0,0.0,0.0,0.0,0.0,0.0,0.0,0.0,0.0,0.0,0.0,0.0,0.0,0.0,0.0
1980_부산광역시,0.0,0.0,0.0,0.0,0.0,0.0,0.0,0.0,0.0,0.0,0.0,0.0,0.0,0.0,0.0,0.0,0.0
1980_서울특별시,0.0,0.0,0.0,0.0,0.0,0.0,0.0,0.0,0.0,0.0,0.0,0.0,0.0,0.0,0.0,0.0,0.0
1980_세종특별자치시,0.0,0.0,0.0,0.0,0.0,0.0,0.0,0.0,0.0,0.0,0.0,0.0,0.0,0.0,0.0,0.0,0.0
1980_울산광역시,0.0,0.0,0.0,0.0,0.0,0.0,0.0,0.0,0.0,0.0,0.0,0.0,0.0,0.0,0.0,0.0,0.0
1980_인천광역시,0.0,0.0,0.0,0.0,0.0,0.0,0.0,0.0,0.0,0.0,0.0,0.0,0.0,0.0,0.0,0.0,0.0
1980_전라남도,0.06222899999999999,15.110584500000002,3.5845605000000003,0.023307,12.356047499999999,0.1526475,56.27016,13.111383,0.0,0.0,0.0,0.0,0.0,0.0,0.0,0.0,4.463952
1980_전라북도,0.05920199999999999,14.252589,3.4089929999999997,0.022032,11.751371999999998,0.14266800000000002,53.39718,12.479498999999999,0.0,0.0,0.0,0.0,0.0,0.0,0.0,0.0,4.249296
1980_제주도,0.022,6.439,1.278,0.0095,4.40075,0.07675,21.105,4.58275,0.0,0.0,0.0,0.0,0.0,0.0,0.0,0.0,1.556
1980_충청남도,0.06033999999999999,14.703682,3.476256,0.022659,11.982505499999998,0.14908949999999999,54.61925,12.710897499999998,0.0,0.0,0.0,0.0,0.0,0.0,0.0,0.0,4.3274
1980_충청북도,0.0,0.0,0.0,0.0,0.0,0.0,0.0,0.0,0.0,0.0,0.0,0.0,0.0,0.0,0.0,0.0,0.0
1981_강원도,0.044,12.878,2.556,0.019,8.8015,0.1535,42.21,9.1655,0.0,0.0,0.0,0.0,0.0,0.0,0.0,0.0,3.112
1981_경기도,0.044,12.878,2.556,0.019,8.8015,0.1535,42.21,9.1655,0.0,0.0,0.0,0.0,0.0,0.0,0.0,0.0,3.112
1981_경상남도,0.044,12.878,2.556,0.019,8.8015,0.1535,42.21,9.1655,0.0,0.0,0.0,0.0,0.0,0.0,0.0,0.0,3.112
1981_경상북도,0.044,12.878,2.556,0.019,8.8015,0.1535,42.21,9.1655,0.0,0.0,0.0,0.0,0.0,0.0,0.0,0.0,3.112
1981_광주광역시,0.0,0.0,0.0,0.0,0.0,0.0,0.0,0.0,0.0,0.0,0.0,0.0,0.0,0.0,0.0,0.0,0.0
1981_대구광역시,0.0,0.0,0.0,0.0,0.0,0.0,0.0,0.0,0.0,0.0,0.0,0.0,0.0,0.0,0.0,0.0,0.0
1981_대전광역시,0.0,0.0,0.0,0.0,0.0,0.0,0.0,0.0,0.0,0.0,0.0,0.0,0.0,0.0,0.0,0.0,0.0
1981_부산광역시,0.0,0.0,0.0,0.0,0.0,0.0,0.0,0.0,0.0,0.0,0.0,0.0,0.0,0.0,0.0,0.0,0.0
1981_서울특별시,0.0,0.0,0.0,0.0,0.0,0.0,0.0,0.0,0.0,0.0,0.0,0.0,0.0,0.0,0.0,0.0,0.0
1981_세종특별자치시,0.0,0.0,0.0,0.0,0.0,0.0,0.0,0.0,0.0,0.0,0.0,0.0,0.0,0.0,0.0,0.0,0.0
1981_울산광역시,0.0,0.0,0.0,0.0,0.0,0.0,0.0,0.0,0.0,0.0,0.0,0.0,0.0,0.0,0.0,0.0,0.0
1981_인천광역시,0.0,0.0,0.0,0.0,0.0,0.0,0.0,0.0,0.0,0.0,0.0,0.0,0.0,0.0,0.0,0.0,0.0
1981_전라남도,0.044,12.878,2.556,0.019,8.8015,0.1535,42.21,9.1655,0.0,0.0,0.0,0.0,0.0,0.0,0.0,0.0,3.112
1981_전라북도,0.044516,12.991754,2.58561,0.01918,8.903614000000001,0.154526,42.66384,9.274772,0.0,0.0,0.0,0.0,0.0,0.0,0.0,0.0,3.149248
1981_제주도,0.044,12.878,2.556,0.019,8.8015,0.1535,42.21,9.1655,0.0,0.0,0.0,0.0,0.0,0.0,0.0,0.0,3.112
1981_충청남도,0.044,12.878,2.556,0.019,8.8015,0.1535,42.21,9.1655,0.0,0.0,0.0,0.0,0.0,0.0,0.0,0.0,3.112
1981_충청북도,0.0,0.0,0.0,0.0,0.0,0.0,0.0,0.0,0.0,0.0,0.0,0.0,0.0,0.0,0.0,0.0,0.0
1982_강원도,0.055817,13.817802499999999,3.2177985,0.021209,11.0907185,0.1424065,50.763980000000004,11.747744,0.0,0.0,0.0,0.0,0.0,0.0,0.0,0.0,3.998656
1982_경기도,0.022,6.439,1.278,0.0095,4.40075,0.07675,21.105,4.58275,0.0,0.0,0.0,0.0,0.0,0.0,0.0,0.0,1.556
1982_경상남도,0.051359999999999996,11.92632,2.95314,0.018609999999999998,10.181785,0.114665,45.8399,10.847445,0.0,0.0,0.0,0.0,0.0,0.0,0.0,0.0,3.6952800000000003
1982_경상북도,0.047532,10.805934,2.730768,0.016957,9.4160545,0.1013105,42.16763,10.0500465,0.0,0.0,0.0,0.0,0.0,0.0,0.0,0.0,3.4245360000000002
1982_광주광역시,0.0,0.0,0.0,0.0,0.0,0.0,0.0,0.0,0.0,0.0,0.0,0.0,0.0,0.0,0.0,0.0,0.0
1982_대구광역시,0.043836,9.724181999999999,2.5160639999999996,0.015361,8.6767285,0.08841650000000001,38.62199,9.2801445,0.0,0.0,0.0,0.0,0.0,0.0,0.0,0.0,3.163128
1982_대전광역시,0.0,0.0,0.0,0.0,0.0,0.0,0.0,0.0,0.0,0.0,0.0,0.0,0.0,0.0,0.0,0.0,0.0
1982_부산광역시,0.0,0.0,0.0,0.0,0.0,0.0,0.0,0.0,0.0,0.0,0.0,0.0,0.0,0.0,0.0,0.0,0.0
1982_서울특별시,0.0,0.0,0.0,0.0,0.0,0.0,0.0,0.0,0.0,0.0,0.0,0.0,0.0,0.0,0.0,0.0,0.0
1982_세종특별자치시,0.0,0.0,0.0,0.0,0.0,0.0,0.0,0.0,0.0,0.0,0.0,0.0,0.0,0.0,0.0,0.0,0.0
1982_울산광역시,0.0,0.0,0.0,0.0,0.0,0.0,0.0,0.0,0.0,0.0,0.0,0.0,0.0,0.0,0.0,0.0,0.0
1982_인천광역시,0.0,0.0,0.0,0.0,0.0,0.0,0.0,0.0,0.0,0.0,0.0,0.0,0.0,0.0,0.0,0.0,0.0
1982_전라남도,0.063065,15.3552665,3.6331245,0.023668,12.523276,0.155564,57.07214999999999,13.2855275,0.0,0.0,0.0,0.0,0.0,0.0,0.0,0.0,4.52308
1982_전라북도,0.060386999999999996,14.5900995,3.4777395,0.022532999999999997,11.9881365,0.1466085,54.52368,12.726789,0.0,0.0,0.0,0.0,0.0,0.0,0.0,0.0,4.333296000000001
1982_제주도,0.056399000000000005,14.019201500000001,3.2519115000000003,0.021496,11.208058000000001,0.145082,51.35661,11.8674905,0.0,0.0,0.0,0.0,0.0,0.0,0.0,0.0,4.039192
1982_충청남도,0.062599,15.2747815,3.6066015,0.023531,12.4317155,0.1550995,56.686859999999996,13.185777999999999,0.0,0.0,0.0,0.0,0.0,0.0,0.0,0.0,4.4889920000000005
1982_충청북도,0.0,0.0,0.0,0.0,0.0,0.0,0.0,0.0,0.0,0.0,0.0,0.0,0.0,0.0,0.0,0.0,0.0
1983_강원도,0.059068999999999997,16.1237405,3.4199685,0.024168999999999996,11.7813265,0.1818785,55.379459999999995,12.360278,0.0,0.0,0.0,0.0,0.0,0.0,0.0,0.0,4.201312
1983_경기도,0.044,12.878,2.556,0.019,8.8015,0.1535,42.21,9.1655,0.0,0.0,0.0,0.0,0.0,0.0,0.0,0.0,3.112
1983_경상남도,0.07826999999999999,20.429763,4.522509,0.030951,15.5832795,0.2215755,72.34815,16.4229225,0.0,0.0,0.0,0.0,0.0,0.0,0.0,0.0,5.58588
1983_경상북도,0.083041,21.4751905,4.7962245,0.032608,16.527250000000002,0.23093000000000002,76.53739,17.4335695,0.0,0.0,0.0,0.0,0.0,0.0,0.0,0.0,5.930408
1983_광주광역시,0.0,0.0,0.0,0.0,0.0,0.0,0.0,0.0,0.0,0.0,0.0,0.0,0.0,0.0,0.0,0.0,0.0
1983_대구광역시,0.071493,17.896528500000002,4.1234445,0.027393,14.211370500000001,0.18651450000000003,65.23962,15.037565999999998,0.0,0.0,0.0,0.0,0.0,0.0,0.0,0.0,5.117664
1983_대전광역시,0.0,0.0,0.0,0.0,0.0,0.0,0.0,0.0,0.0,0.0,0.0,0.0,0.0,0.0,0.0,0.0,0.0
1983_부산광역시,0.044,12.878,2.556,0.019,8.8015,0.1535,42.21,9.1655,0.0,0.0,0.0,0.0,0.0,0.0,0.0,0.0,3.112
1983_서울특별시,0.0,0.0,0.0,0.0,0.0,0.0,0.0,0.0,0.0,0.0,0.0,0.0,0.0,0.0,0.0,0.0,0.0
1983_세종특별자치시,0.0,0.0,0.0,0.0,0.0,0.0,0.0,0.0,0.0,0.0,0.0,0.0,0.0,0.0,0.0,0.0,0.0
1983_울산광역시,0.0,0.0,0.0,0.0,0.0,0.0,0.0,0.0,0.0,0.0,0.0,0.0,0.0,0.0,0.0,0.0,0.0
1983_인천광역시,0.0,0.0,0.0,0.0,0.0,0.0,0.0,0.0,0.0,0.0,0.0,0.0,0.0,0.0,0.0,0.0,0.0
1983_전라남도,0.049374999999999995,14.0629375,2.8644375,0.020874999999999998,9.865187500000001,0.1641875,46.9375,10.303749999999999,0.0,0.0,0.0,0.0,0.0,0.0,0.0,0.0,3.5
1983_전라북도,0.060252999999999994,16.4578525,3.4886265,0.024665999999999997,12.017799,0.185751,56.50157,12.6075085,0.0,0.0,0.0,0.0,0.0,0.0,0.0,0.0,4.285304
1983_제주도,0.044,12.878,2.556,0.019,8.8015,0.1535,42.21,9.1655,0.0,0.0,0.0,0.0,0.0,0.0,0.0,0.0,3.112
1983_충청남도,0.05423299999999999,15.1307225,3.1431765,0.022565999999999996,10.826469,0.173781,51.206770000000006,11.3326685,0.0,0.0,0.0,0.0,0.0,0.0,0.0,0.0,3.850744
1983_충청북도,0.043,9.4795,2.4675,0.015,8.5095,0.0855,37.82,9.106,0.0,0.0,0.0,0.0,0.0,0.0,0.0,0.0,3.104
1984_강원도,0.04384199999999999,11.247789000000001,2.531313,0.017112,8.722992,0.120048,40.30878,9.208479,0.0,0.0,0.0,0.0,0.0,0.0,0.0,0.0,3.132816
1984_경기도,0.022,6.439,1.278,0.0095,4.40075,0.07675,21.105,4.58275,0.0,0.0,0.0,0.0,0.0,0.0,0.0,0.0,1.556
1984_경상남도,0.052240999999999996,12.1872785,3.0043485,0.018994,10.358106999999999,0.117803,46.688489999999994,11.0308145,0.0,0.0,0.0,0.0,0.0,0.0,0.0,0.0,3.757528
1984_경상북도,0.045817,10.307090500000001,2.6311725,0.01622,9.073087999999998,0.095392,40.52583,9.6926515,0.0,0.0,0.0,0.0,0.0,0.0,0.0,0.0,3.303176
1984_광주광역시,0.0,0.0,0.0,0.0,0.0,0.0,0.0,0.0,0.0,0.0,0.0,0.0,0.0,0.0,0.0,0.0,0.0
1984_대구광역시,0.046037999999999996,10.784847,2.648055,0.01679,9.129527,0.10474300000000002,41.19412,9.718896,0.0,0.0,0.0,0.0,0.0,0.0,0.0,0.0,3.3104640000000005
1984_대전광역시,0.0,0.0,0.0,0.0,0.0,0.0,0.0,0.0,0.0,0.0,0.0,0.0,0.0,0.0,0.0,0.0,0.0
1984_부산광역시,0.0,0.0,0.0,0.0,0.0,0.0,0.0,0.0,0.0,0.0,0.0,0.0,0.0,0.0,0.0,0.0,0.0
1984_서울특별시,0.0,0.0,0.0,0.0,0.0,0.0,0.0,0.0,0.0,0.0,0.0,0.0,0.0,0.0,0.0,0.0,0.0
1984_세종특별자치시,0.0,0.0,0.0,0.0,0.0,0.0,0.0,0.0,0.0,0.0,0.0,0.0,0.0,0.0,0.0,0.0,0.0
1984_울산광역시,0.0,0.0,0.0,0.0,0.0,0.0,0.0,0.0,0.0,0.0,0.0,0.0,0.0,0.0,0.0,0.0,0.0
1984_인천광역시,0.0,0.0,0.0,0.0,0.0,0.0,0.0,0.0,0.0,0.0,0.0,0.0,0.0,0.0,0.0,0.0,0.0
1984_전라남도,0.063022,15.345787,3.630657,0.023653,12.5147665,0.15547850000000002,57.03433,13.2764215,0.0,0.0,0.0,0.0,0.0,0.0,0.0,0.0,4.519976
1984_전라북도,0.057836,13.846573999999999,3.3295799999999995,0.021435,11.4779415,0.1377735,52.07989,12.1952495,0.0,0.0,0.0,0.0,0.0,0.0,0.0,0.0,4.152808
1984_제주도,0.022,6.439,1.278,0.0095,4.40075,0.07675,21.105,4.58275,0.0,0.0,0.0,0.0,0.0,0.0,0.0,0.0,1.556
1984_충청남도,0.060189,14.7371325,3.4682445,0.022683000000000002,11.9545995,0.15017550000000002,54.560159999999996,12.675723000000001,0.0,0.0,0.0,0.0,0.0,0.0,0.0,0.0,4.315152
1984_충청북도,0.0,0.0,0.0,0.0,0.0,0.0,0.0,0.0,0.0,0.0,0.0,0.0,0.0,0.0,0.0,0.0,0.0
1985_강원도,0.044,12.878,2.556,0.019,8.8015,0.1535,42.21,9.1655,0.0,0.0,0.0,0.0,0.0,0.0,0.0,0.0,3.112
1985_경기도,0.0,0.0,0.0,0.0,0.0,0.0,0.0,0.0,0.0,0.0,0.0,0.0,0.0,0.0,0.0,0.0,0.0
1985_경상남도,0.07650599999999999,20.037705000000003,4.421253,0.030331999999999998,15.234098000000001,0.218002,70.79314,16.049517,0.0,0.0,0.0,0.0,0.0,0.0,0.0,0.0,5.458608
1985_경상북도,0.082868,21.433874,4.7862659999999995,0.032544000000000003,16.492919999999998,0.23052,76.38172,17.397086,0.0,0.0,0.0,0.0,0.0,0.0,0.0,0.0,5.917984000000001
1985_광주광역시,0.0,0.0,0.0,0.0,0.0,0.0,0.0,0.0,0.0,0.0,0.0,0.0,0.0,0.0,0.0,0.0,0.0
1985_대구광역시,0.06290399999999999,16.857948,3.638946,0.025379,12.5369615,0.1871935,58.62961,13.1777355,0.0,0.0,0.0,0.0,0.0,0.0,0.0,0.0,4.480392
1985_대전광역시,0.0,0.0,0.0,0.0,0.0,0.0,0.0,0.0,0.0,0.0,0.0,0.0,0.0,0.0,0.0,0.0,0.0
1985_부산광역시,0.044,12.878,2.556,0.019,8.8015,0.1535,42.21,9.1655,0.0,0.0,0.0,0.0,0.0,0.0,0.0,0.0,3.112
1985_서울특별시,0.0,0.0,0.0,0.0,0.0,0.0,0.0,0.0,0.0,0.0,0.0,0.0,0.0,0.0,0.0,0.0,0.0
1985_세종특별자치시,0.0,0.0,0.0,0.0,0.0,0.0,0.0,0.0,0.0,0.0,0.0,0.0,0.0,0.0,0.0,0.0,0.0
1985_울산광역시,0.0,0.0,0.0,0.0,0.0,0.0,0.0,0.0,0.0,0.0,0.0,0.0,0.0,0.0,0.0,0.0,0.0
1985_인천광역시,0.0,0.0,0.0,0.0,0.0,0.0,0.0,0.0,0.0,0.0,0.0,0.0,0.0,0.0,0.0,0.0,0.0
1985_전라남도,0.049976999999999994,14.1956505,2.8989825000000002,0.021085,9.9843205,0.1653845,47.46698,10.431234,0.0,0.0,0.0,0.0,0.0,0.0,0.0,0.0,3.543456
1985_전라북도,0.063174,17.092263,3.656151,0.025674,12.595569,0.191361,59.060159999999996,13.226538,0.0,0.0,0.0,0.0,0.0,0.0,0.0,0.0,4.496352
1985_제주도,0.048171,13.7975115,2.7953475,0.020455,9.6269215,0.1617935,45.87854,10.048782,0.0,0.0,0.0,0.0,0.0,0.0,0.0,0.0,3.413088
1985_충청남도,0.04903,13.983702999999998,2.844609,0.020751,9.7968195,0.1634355,46.63055,10.2308425,0.0,0.0,0.0,0.0,0.0,0.0,0.0,0.0,3.4751600000000002
1985_충청북도,0.0,0.0,0.0,0.0,0.0,0.0,0.0,0.0,0.0,0.0,0.0,0.0,0.0,0.0,0.0,0.0,0.0
1986_강원도,0.022,6.439,1.278,0.0095,4.40075,0.07675,21.105,4.58275,0.0,0.0,0.0,0.0,0.0,0.0,0.0,0.0,1.556
1986_경기도,0.022,6.439,1.278,0.0095,4.40075,0.07675,21.105,4.58275,0.0,0.0,0.0,0.0,0.0,0.0,0.0,0.0,1.556
1986_경상남도,0.052152,12.158124,2.999148,0.018952,10.340212,0.117428,46.59968,11.012424,0.0,0.0,0.0,0.0,0.0,0.0,0.0,0.0,3.751296
1986_경상북도,0.046167999999999994,10.406716,2.651532,0.016368,9.143208,0.096552,40.85912,9.765916,0.0,0.0,0.0,0.0,0.0,0.0,0.0,0.0,3.328064
1986_광주광역시,0.0,0.0,0.0,0.0,0.0,0.0,0.0,0.0,0.0,0.0,0.0,0.0,0.0,0.0,0.0,0.0,0.0
1986_대구광역시,0.03913,8.626345,2.245425,0.01365,7.743645,0.07780500000000001,34.4162,8.28646,0.0,0.0,0.0,0.0,0.0,0.0,0.0,0.0,2.82464
1986_대전광역시,0.0,0.0,0.0,0.0,0.0,0.0,0.0,0.0,0.0,0.0,0.0,0.0,0.0,0.0,0.0,0.0,0.0
1986_부산광역시,0.0,0.0,0.0,0.0,0.0,0.0,0.0,0.0,0.0,0.0,0.0,0.0,0.0,0.0,0.0,0.0,0.0
1986_서울특별시,0.0,0.0,0.0,0.0,0.0,0.0,0.0,0.0,0.0,0.0,0.0,0.0,0.0,0.0,0.0,0.0,0.0
1986_세종특별자치시,0.0,0.0,0.0,0.0,0.0,0.0,0.0,0.0,0.0,0.0,0.0,0.0,0.0,0.0,0.0,0.0,0.0
1986_울산광역시,0.0,0.0,0.0,0.0,0.0,0.0,0.0,0.0,0.0,0.0,0.0,0.0,0.0,0.0,0.0,0.0,0.0
1986_인천광역시,0.0,0.0,0.0,0.0,0.0,0.0,0.0,0.0,0.0,0.0,0.0,0.0,0.0,0.0,0.0,0.0,0.0
1986_전라남도,0.06324099999999999,15.406778500000001,3.6433485,0.023744,12.558481999999998,0.156178,57.24099,13.3221895,0.0,0.0,0.0,0.0,0.0,0.0,0.0,0.0,4.535528
1986_전라북도,0.057877,13.8492565,3.3318705,0.021442,11.485867,0.137723,52.10893,12.2042365,0.0,0.0,0.0,0.0,0.0,0.0,0.0,0.0,4.155896
1986_제주도,0.062456,15.33542,3.599298,0.023586999999999997,12.4061455,0.1567295,56.66288999999999,13.151079499999998,0.0,0.0,0.0,0.0,0.0,0.0,0.0,0.0,4.476808
1986_충청남도,0.061378999999999996,14.9549795,3.5360955,0.023046999999999998,12.1887775,0.15161750000000002,55.55766,12.929858,0.0,0.0,0.0,0.0,0.0,0.0,0.0,0.0,4.401952
1986_충청북도,0.0,0.0,0.0,0.0,0.0,0.0,0.0,0.0,0.0,0.0,0.0,0.0,0.0,0.0,0.0,0.0,0.0
1987_강원도,0.07461899999999999,19.500943499999998,4.311787499999999,0.029535,14.857093500000001,0.2117415,69.00006,15.655697999999997,0.0,0.0,0.0,0.0,0.0,0.0,0.0,0.0,5.324832000000001
1987_경기도,0.044,12.878,2.556,0.019,8.8015,0.1535,42.21,9.1655,0.0,0.0,0.0,0.0,0.0,0.0,0.0,0.0,3.112
1987_경상남도,0.07336799999999999,19.3491,4.241214,0.029240999999999996,14.6131965,0.2118285,68.03667,15.3848385,0.0,0.0,0.0,0.0,0.0,0.0,0.0,0.0,5.232024000000001
1987_경상북도,0.080978,21.023573,4.677873,0.031892,16.119086,0.22689399999999998,74.72641999999999,16.996541,0.0,0.0,0.0,0.0,0.0,0.0,0.0,0.0,5.781424
1987_광주광역시,0.0,0.0,0.0,0.0,0.0,0.0,0.0,0.0,0.0,0.0,0.0,0.0,0.0,0.0,0.0,0.0,0.0
1987_대구광역시,0.063245,17.0602445,3.6597585,0.025644,12.608208000000001,0.190512,59.06995,13.243857499999999,0.0,0.0,0.0,0.0,0.0,0.0,0.0,0.0,4.50244
1987_대전광역시,0.0,0.0,0.0,0.0,0.0,0.0,0.0,0.0,0.0,0.0,0.0,0.0,0.0,0.0,0.0,0.0,0.0
1987_부산광역시,0.049539999999999994,14.077065999999999,2.8736880000000005,0.020907,9.8971815,0.1640535,47.05805,10.339757500000001,0.0,0.0,0.0,0.0,0.0,0.0,0.0,0.0,3.51236
1987_서울특별시,0.0,0.0,0.0,0.0,0.0,0.0,0.0,0.0,0.0,0.0,0.0,0.0,0.0,0.0,0.0,0.0,0.0
1987_세종특별자치시,0.0,0.0,0.0,0.0,0.0,0.0,0.0,0.0,0.0,0.0,0.0,0.0,0.0,0.0,0.0,0.0,0.0
1987_울산광역시,0.0,0.0,0.0,0.0,0.0,0.0,0.0,0.0,0.0,0.0,0.0,0.0,0.0,0.0,0.0,0.0,0.0
1987_인천광역시,0.0,0.0,0.0,0.0,0.0,0.0,0.0,0.0,0.0,0.0,0.0,0.0,0.0,0.0,0.0,0.0,0.0
1987_전라남도,0.051009,14.4231585,2.9582025,0.021445,10.188548500000001,0.1674365,48.37466,10.649778,0.0,0.0,0.0,0.0,0.0,0.0,0.0,0.0,3.6179520000000003
1987_전라북도,0.057586,15.866725,3.335553,0.023732,11.489918000000001,0.180382,54.152339999999995,12.042877,0.0,0.0,0.0,0.0,0.0,0.0,0.0,0.0,4.092848
1987_제주도,0.044,12.878,2.556,0.019,8.8015,0.1535,42.21,9.1655,0.0,0.0,0.0,0.0,0.0,0.0,0.0,0.0,3.112
1987_충청남도,0.05259899999999999,14.7705015,3.0494115,0.021995999999999998,10.503108000000001,0.170532,49.76961000000001,10.9866405,0.0,0.0,0.0,0.0,0.0,0.0,0.0,0.0,3.7327920000000003
1987_충청북도,0.0,0.0,0.0,0.0,0.0,0.0,0.0,0.0,0.0,0.0,0.0,0.0,0.0,0.0,0.0,0.0,0.0
1988_강원도,0.056069999999999995,13.584375000000001,3.229485,0.020965,11.132222500000001,0.1369025,50.66705,11.8151775,0.0,0.0,0.0,0.0,0.0,0.0,0.0,0.0,4.02276
1988_경기도,0.0,0.0,0.0,0.0,0.0,0.0,0.0,0.0,0.0,0.0,0.0,0.0,0.0,0.0,0.0,0.0,0.0
1988_경상남도,0.05347199999999999,12.544464,3.0758279999999996,0.019521999999999998,10.604256999999999,0.122033,47.86598,11.287389,0.0,0.0,0.0,0.0,0.0,0.0,0.0,0.0,3.844656
1988_경상북도,0.048147999999999996,10.986226,2.766552,0.017223,9.539275499999999,0.10345950000000001,42.75857,10.1783635,0.0,0.0,0.0,0.0,0.0,0.0,0.0,0.0,3.4681040000000003
1988_광주광역시,0.0,0.0,0.0,0.0,0.0,0.0,0.0,0.0,0.0,0.0,0.0,0.0,0.0,0.0,0.0,0.0,0.0
1988_대구광역시,0.0,0.0,0.0,0.0,0.0,0.0,0.0,0.0,0.0,0.0,0.0,0.0,0.0,0.0,0.0,0.0,0.0
1988_대전광역시,0.0,0.0,0.0,0.0,0.0,0.0,0.0,0.0,0.0,0.0,0.0,0.0,0.0,0.0,0.0,0.0,0.0
1988_부산광역시,0.022,6.439,1.278,0.0095,4.40075,0.07675,21.105,4.58275,0.0,0.0,0.0,0.0,0.0,0.0,0.0,0.0,1.556
1988_서울특별시,0.0,0.0,0.0,0.0,0.0,0.0,0.0,0.0,0.0,0.0,0.0,0.0,0.0,0.0,0.0,0.0,0.0
1988_세종특별자치시,0.0,0.0,0.0,0.0,0.0,0.0,0.0,0.0,0.0,0.0,0.0,0.0,0.0,0.0,0.0,0.0,0.0
1988_울산광역시,0.0,0.0,0.0,0.0,0.0,0.0,0.0,0.0,0.0,0.0,0.0,0.0,0.0,0.0,0.0,0.0,0.0
1988_인천광역시,0.0,0.0,0.0,0.0,0.0,0.0,0.0,0.0,0.0,0.0,0.0,0.0,0.0,0.0,0.0,0.0,0.0
1988_전라남도,0.06359399999999998,15.513200999999999,3.6638849999999996,0.023899999999999998,12.629186,0.157474,57.58306,13.395572999999999,0.0,0.0,0.0,0.0,0.0,0.0,0.0,0.0,4.5604320000000005
1988_전라북도,0.05893399999999999,14.161726999999999,3.393303,0.021901999999999998,11.697395,0.14147500000000002,53.12636,12.424268,0.0,0.0,0.0,0.0,0.0,0.0,0.0,0.0,4.230592
1988_제주도,0.056355,14.0063235,3.2493555,0.021477,11.1992565,0.14492850000000002,51.3144,11.858325,0.0,0.0,0.0,0.0,0.0,0.0,0.0,0.0,4.03608
1988_충청남도,0.061739,15.0851915,3.5572514999999996,0.023231,12.261525499999998,0.1533895,55.93046,13.003658000000001,0.0,0.0,0.0,0.0,0.0,0.0,0.0,0.0,4.426912
1988_충청북도,0.0,0.0,0.0,0.0,0.0,0.0,0.0,0.0,0.0,0.0,0.0,0.0,0.0,0.0,0.0,0.0,0.0
1989_강원도,0.044,12.878,2.556,0.019,8.8015,0.1535,42.21,9.1655,0.0,0.0,0.0,0.0,0.0,0.0,0.0,0.0,3.112
1989_경기도,0.0,0.0,0.0,0.0,0.0,0.0,0.0,0.0,0.0,0.0,0.0,0.0,0.0,0.0,0.0,0.0,0.0
1989_경상남도,0.07689399999999999,20.126419,4.443549,0.030470999999999998,15.3109755,0.21883950000000002,71.13791,16.1315305,0.0,0.0,0.0,0.0,0.0,0.0,0.0,0.0,5.4865520000000005
1989_경상북도,0.08252499999999999,21.3614365,4.7666145,0.032428,16.425136000000002,0.229904,76.08355,17.3242975,0.0,0.0,0.0,0.0,0.0,0.0,0.0,0.0,5.89316
1989_광주광역시,0.0,0.0,0.0,0.0,0.0,0.0,0.0,0.0,0.0,0.0,0.0,0.0,0.0,0.0,0.0,0.0,0.0
1989_대구광역시,0.044,12.878,2.556,0.019,8.8015,0.1535,42.21,9.1655,0.0,0.0,0.0,0.0,0.0,0.0,0.0,0.0,3.112
1989_대전광역시,0.0,0.0,0.0,0.0,0.0,0.0,0.0,0.0,0.0,0.0,0.0,0.0,0.0,0.0,0.0,0.0,0.0
1989_부산광역시,0.061153,16.6467265,3.5401785,0.024968999999999998,12.1956225,0.1873425,57.28262,12.798556,0.0,0.0,0.0,0.0,0.0,0.0,0.0,0.0,4.3504640000000006
1989_서울특별시,0.0,0.0,0.0,0.0,0.0,0.0,0.0,0.0,0.0,0.0,0.0,0.0,0.0,0.0,0.0,0.0,0.0
1989_세종특별자치시,0.0,0.0,0.0,0.0,0.0,0.0,0.0,0.0,0.0,0.0,0.0,0.0,0.0,0.0,0.0,0.0,0.0
1989_울산광역시,0.0,0.0,0.0,0.0,0.0,0.0,0.0,0.0,0.0,0.0,0.0,0.0,0.0,0.0,0.0,0.0,0.0
1989_인천광역시,0.0,0.0,0.0,0.0,0.0,0.0,0.0,0.0,0.0,0.0,0.0,0.0,0.0,0.0,0.0,0.0,0.0
1989_전라남도,0.050019999999999995,14.20513,2.90145,0.0211,9.992830000000001,0.16547,47.5048,10.440339999999999,0.0,0.0,0.0,0.0,0.0,0.0,0.0,0.0,3.5465600000000004
1989_전라북도,0.061624,16.744204,3.567144,0.025126,12.288643,0.188147,57.68986,12.898603,0.0,0.0,0.0,0.0,0.0,0.0,0.0,0.0,4.384592
1989_제주도,0.044816999999999996,13.0581105,2.6028825,0.019285,8.9631805,0.1551245,42.928580000000004,9.338514,0.0,0.0,0.0,0.0,0.0,0.0,0.0,0.0,3.170976
1989_충청남도,0.047052,13.547646,2.731104,0.020061,9.4053825,0.1595025,44.89083,9.8119665,0.0,0.0,0.0,0.0,0.0,0.0,0.0,0.0,3.3323760000000004
1989_충청북도,0.0,0.0,0.0,0.0,0.0,0.0,0.0,0.0,0.0,0.0,0.0,0.0,0.0,0.0,0.0,0.0,0.0
1990_강원도,0.022,6.439,1.278,0.0095,4.40075,0.07675,21.105,4.58275,0.0,0.0,0.0,0.0,0.0,0.0,0.0,0.0,1.556
1990_경기도,0.0,0.0,0.0,0.0,0.0,0.0,0.0,0.0,0.0,0.0,0.0,0.0,0.0,0.0,0.0,0.0,0.0
1990_경상남도,0.051095999999999996,11.849052,2.937804,0.018496,10.128976,0.11374400000000001,45.58664,10.792451999999999,0.0,0.0,0.0,0.0,0.0,0.0,0.0,0.0,3.676608
1990_경상북도,0.046343999999999996,10.458228,2.661756,0.016444,9.178414,0.097166,41.02796,9.802578,0.0,0.0,0.0,0.0,0.0,0.0,0.0,0.0,3.340512
1990_광주광역시,0.0,0.0,0.0,0.0,0.0,0.0,0.0,0.0,0.0,0.0,0.0,0.0,0.0,0.0,0.0,0.0,0.0
1990_대구광역시,0.022,6.439,1.278,0.0095,4.40075,0.07675,21.105,4.58275,0.0,0.0,0.0,0.0,0.0,0.0,0.0,0.0,1.556
1990_대전광역시,0.0,0.0,0.0,0.0,0.0,0.0,0.0,0.0,0.0,0.0,0.0,0.0,0.0,0.0,0.0,0.0,0.0
1990_부산광역시,0.056610999999999995,13.5097795,3.2586315,0.020930999999999998,11.2335435,0.1339515,50.92874,11.939032000000001,0.0,0.0,0.0,0.0,0.0,0.0,0.0,0.0,4.065728
1990_서울특별시,0.0,0.0,0.0,0.0,0.0,0.0,0.0,0.0,0.0,0.0,0.0,0.0,0.0,0.0,0.0,0.0,0.0
1990_세종특별자치시,0.0,0.0,0.0,0.0,0.0,0.0,0.0,0.0,0.0,0.0,0.0,0.0,0.0,0.0,0.0,0.0,0.0
1990_울산광역시,0.0,0.0,0.0,0.0,0.0,0.0,0.0,0.0,0.0,0.0,0.0,0.0,0.0,0.0,0.0,0.0,0.0
1990_인천광역시,0.0,0.0,0.0,0.0,0.0,0.0,0.0,0.0,0.0,0.0,0.0,0.0,0.0,0.0,0.0,0.0,0.0
1990_전라남도,0.063066,15.358664999999998,3.6332129999999996,0.023672,12.523568000000001,0.155632,57.07654,13.285587,0.0,0.0,0.0,0.0,0.0,0.0,0.0,0.0,4.523088
1990_전라북도,0.059694,14.421434999999999,3.437817,0.022273,11.850524499999999,0.14490050000000002,53.89661,12.5807955,0.0,0.0,0.0,0.0,0.0,0.0,0.0,0.0,4.2835920000000005
1990_제주도,0.058672999999999996,14.5046225,3.3822465,0.022271,11.657601499999998,0.1492735,53.33912,12.349810999999999,0.0,0.0,0.0,0.0,0.0,0.0,0.0,0.0,4.203664
1990_충청남도,0.054026,13.470641,3.1154909999999996,0.020638999999999998,10.7376995,0.1398355,49.24139,11.3661845,0.0,0.0,0.0,0.0,0.0,0.0,0.0,0.0,3.8684080000000005
1990_충청북도,0.0,0.0,0.0,0.0,0.0,0.0,0.0,0.0,0.0,0.0,0.0,0.0,0.0,0.0,0.0,0.0,0.0
1991_강원도,0.044,12.878,2.556,0.019,8.8015,0.1535,42.21,9.1655,0.0,0.0,0.0,0.0,0.0,0.0,0.0,0.0,3.112
1991_경기도,0.044,12.878,2.556,0.019,8.8015,0.1535,42.21,9.1655,0.0,0.0,0.0,0.0,0.0,0.0,0.0,0.0,3.112
1991_경상남도,0.07654999999999999,20.050583,4.423809,0.030350999999999996,15.2428995,0.2181555,70.83535,16.0586825,0.0,0.0,0.0,0.0,0.0,0.0,0.0,0.0,5.461720000000001
1991_경상북도,0.08205199999999999,21.257162,4.739472,0.032263,16.3315315,0.2289635,75.66753,17.2241315,0.0,0.0,0.0,0.0,0.0,0.0,0.0,0.0,5.8590160000000004
1991_광주광역시,0.0,0.0,0.0,0.0,0.0,0.0,0.0,0.0,0.0,0.0,0.0,0.0,0.0,0.0,0.0,0.0,0.0
1991_대구광역시,0.0,0.0,0.0,0.0,0.0,0.0,0.0,0.0,0.0,0.0,0.0,0.0,0.0,0.0,0.0,0.0,0.0
1991_대전광역시,0.0,0.0,0.0,0.0,0.0,0.0,0.0,0.0,0.0,0.0,0.0,0.0,0.0,0.0,0.0,0.0,0.0
1991_부산광역시,0.064804,17.43889,3.749562,0.026228,12.917762,0.19433799999999998,60.47976,13.572327999999999,0.0,0.0,0.0,0.0,0.0,0.0,0.0,0.0,4.614272
1991_서울특별시,0.0,0.0,0.0,0.0,0.0,0.0,0.0,0.0,0.0,0.0,0.0,0.0,0.0,0.0,0.0,0.0,0.0
1991_세종특별자치시,0.0,0.0,0.0,0.0,0.0,0.0,0.0,0.0,0.0,0.0,0.0,0.0,0.0,0.0,0.0,0.0,0.0
1991_울산광역시,0.0,0.0,0.0,0.0,0.0,0.0,0.0,0.0,0.0,0.0,0.0,0.0,0.0,0.0,0.0,0.0,0.0
1991_인천광역시,0.0,0.0,0.0,0.0,0.0,0.0,0.0,0.0,0.0,0.0,0.0,0.0,0.0,0.0,0.0,0.0,0.0
1991_전라남도,0.050966,14.413679,2.9557350000000002,0.021429999999999998,10.180039,0.167351,48.33684,10.640672,0.0,0.0,0.0,0.0,0.0,0.0,0.0,0.0,3.6148480000000003
1991_전라북도,0.065497,17.6075545,3.7894845000000004,0.026487999999999998,13.055374,0.196046,61.10683,13.7183215,0.0,0.0,0.0,0.0,0.0,0.0,0.0,0.0,4.663976
1991_제주도,0.046536999999999995,13.4372905,2.7015825,0.019885,9.303560500000001,0.1585445,44.44138,9.702754,0.0,0.0,0.0,0.0,0.0,0.0,0.0,0.0,3.2951360000000003
1991_충청남도,0.049718,14.135375,2.8840890000000003,0.020991,9.9329715,0.1648035,47.235670000000006,10.3765385,0.0,0.0,0.0,0.0,0.0,0.0,0.0,0.0,3.524824
1991_충청북도,0.0,0.0,0.0,0.0,0.0,0.0,0.0,0.0,0.0,0.0,0.0,0.0,0.0,0.0,0.0,0.0,0.0
1992_강원도,0.04408899999999999,11.1306265,2.5438064999999996,0.017001,8.766790499999999,0.11697450000000001,40.33646,9.269008,0.0,0.0,0.0,0.0,0.0,0.0,0.0,0.0,3.154112
1992_경기도,0.022,6.439,1.278,0.0095,4.40075,0.07675,21.105,4.58275,0.0,0.0,0.0,0.0,0.0,0.0,0.0,0.0,1.556
1992_경상남도,0.050744,11.746027999999999,2.917356,0.018344,10.058563999999999,0.112516,45.24896,10.719128,0.0,0.0,0.0,0.0,0.0,0.0,0.0,0.0,3.651712
1992_경상북도,0.048192,10.999103999999999,2.7691079999999997,0.017242,9.548077,0.10361300000000001,42.80078,10.187529,0.0,0.0,0.0,0.0,0.0,0.0,0.0,0.0,3.471216
1992_광주광역시,0.0606,14.630700000000001,3.4898999999999996,0.0226,12.0301,0.1469,54.704,12.7722,0.0,0.0,0.0,0.0,0.0,0.0,0.0,0.0,4.348800000000001
1992_대구광역시,0.043,9.4795,2.4675,0.015,8.5095,0.0855,37.82,9.106,0.0,0.0,0.0,0.0,0.0,0.0,0.0,0.0,3.104
1992_대전광역시,0.0,0.0,0.0,0.0,0.0,0.0,0.0,0.0,0.0,0.0,0.0,0.0,0.0,0.0,0.0,0.0,0.0
1992_부산광역시,0.05810399999999999,13.937436,3.3452699999999997,0.021565,11.5319185,0.1389665,52.35071,12.250480499999998,0.0,0.0,0.0,0.0,0.0,0.0,0.0,0.0,4.171512
1992_서울특별시,0.0,0.0,0.0,0.0,0.0,0.0,0.0,0.0,0.0,0.0,0.0,0.0,0.0,0.0,0.0,0.0,0.0
1992_세종특별자치시,0.0,0.0,0.0,0.0,0.0,0.0,0.0,0.0,0.0,0.0,0.0,0.0,0.0,0.0,0.0,0.0,0.0
1992_울산광역시,0.0,0.0,0.0,0.0,0.0,0.0,0.0,0.0,0.0,0.0,0.0,0.0,0.0,0.0,0.0,0.0,0.0
1992_인천광역시,0.0,0.0,0.0,0.0,0.0,0.0,0.0,0.0,0.0,0.0,0.0,0.0,0.0,0.0,0.0,0.0,0.0
1992_전라남도,0.06262499999999999,15.2264865,3.6075645,0.023478,12.435260999999999,0.154029,56.65004999999999,13.193872500000001,0.0,0.0,0.0,0.0,0.0,0.0,0.0,0.0,4.491960000000001
1992_전라북도,0.057479,13.7265575,3.3086895,0.021263,11.4060695,0.1362055,51.720259999999996,12.121628000000001,0.0,0.0,0.0,0.0,0.0,0.0,0.0,0.0,4.127872
1992_제주도,0.06343199999999999,15.509268,3.6548999999999996,0.02388,12.598067999999998,0.157812,57.47568,13.359744,0.0,0.0,0.0,0.0,0.0,0.0,0.0,0.0,4.548096
1992_충청남도,0.06251999999999999,15.279612,3.6022859999999994,0.023528999999999998,12.4167405,0.1554045,56.64195,13.1679825,0.0,0.0,0.0,0.0,0.0,0.0,0.0,0.0,4.48284
1992_충청북도,0.043,9.4795,2.4675,0.015,8.5095,0.0855,37.82,9.106,0.0,0.0,0.0,0.0,0.0,0.0,0.0,0.0,3.104
1993_강원도,0.044,12.878,2.556,0.019,8.8015,0.1535,42.21,9.1655,0.0,0.0,0.0,0.0,0.0,0.0,0.0,0.0,3.112
1993_경기도,0.044,12.878,2.556,0.019,8.8015,0.1535,42.21,9.1655,0.0,0.0,0.0,0.0,0.0,0.0,0.0,0.0,3.112
1993_경상남도,0.07891399999999998,20.568557,4.559433,0.031172,15.71063,0.22279,72.91105999999999,16.559452999999998,0.0,0.0,0.0,0.0,0.0,0.0,0.0,0.0,5.632432
1993_경상북도,0.08196499999999998,21.2348045,4.7344485,0.032229,16.314220499999998,0.2287245,75.5875,17.20586,0.0,0.0,0.0,0.0,0.0,0.0,0.0,0.0,5.8528
1993_광주광역시,0.0,0.0,0.0,0.0,0.0,0.0,0.0,0.0,0.0,0.0,0.0,0.0,0.0,0.0,0.0,0.0,0.0
1993_대구광역시,0.043,9.4795,2.4675,0.015,8.5095,0.0855,37.82,9.106,0.0,0.0,0.0,0.0,0.0,0.0,0.0,0.0,3.104
1993_대전광역시,0.0,0.0,0.0,0.0,0.0,0.0,0.0,0.0,0.0,0.0,0.0,0.0,0.0,0.0,0.0,0.0,0.0
1993_부산광역시,0.069315,18.283987500000002,4.0069575,0.02763,13.806045,0.200205,64.28235000000001,14.534767500000001,0.0,0.0,0.0,0.0,0.0,0.0,0.0,0.0,4.942920000000001
1993_서울특별시,0.0,0.0,0.0,0.0,0.0,0.0,0.0,0.0,0.0,0.0,0.0,0.0,0.0,0.0,0.0,0.0,0.0
1993_세종특별자치시,0.0,0.0,0.0,0.0,0.0,0.0,0.0,0.0,0.0,0.0,0.0,0.0,0.0,0.0,0.0,0.0,0.0
1993_울산광역시,0.0,0.0,0.0,0.0,0.0,0.0,0.0,0.0,0.0,0.0,0.0,0.0,0.0,0.0,0.0,0.0,0.0
1993_인천광역시,0.044,12.878,2.556,0.019,8.8015,0.1535,42.21,9.1655,0.0,0.0,0.0,0.0,0.0,0.0,0.0,0.0,3.112
1993_전라남도,0.051524999999999994,14.5369125,2.9878125,0.021625,10.2906625,0.1684625,48.8285,10.75905,0.0,0.0,0.0,0.0,0.0,0.0,0.0,0.0,3.6552000000000002
1993_전라북도,0.065581,17.619716500000003,3.7942425,0.02651,13.071809000000002,0.196081,61.17369,13.7364145,0.0,0.0,0.0,0.0,0.0,0.0,0.0,0.0,4.670168
1993_제주도,0.047268,13.598442,2.74353,0.020139999999999998,9.448222000000001,0.159998,45.08432,9.857555999999999,0.0,0.0,0.0,0.0,0.0,0.0,0.0,0.0,3.347904
1993_충청남도,0.050061999999999995,14.211210999999999,2.903829,0.021110999999999998,10.0010475,0.1654875,47.538230000000006,10.4493865,0.0,0.0,0.0,0.0,0.0,0.0,0.0,0.0,3.549656
1993_충청북도,0.0,0.0,0.0,0.0,0.0,0.0,0.0,0.0,0.0,0.0,0.0,0.0,0.0,0.0,0.0,0.0,0.0
1994_강원도,0.022,6.439,1.278,0.0095,4.40075,0.07675,21.105,4.58275,0.0,0.0,0.0,0.0,0.0,0.0,0.0,0.0,1.556
1994_경기도,0.022,6.439,1.278,0.0095,4.40075,0.07675,21.105,4.58275,0.0,0.0,0.0,0.0,0.0,0.0,0.0,0.0,1.556
1994_경상남도,0.049336,11.333931999999999,2.8355639999999998,0.017736,9.776916,0.107604,43.89824,10.425832,0.0,0.0,0.0,0.0,0.0,0.0,0.0,0.0,3.552128
1994_경상북도,0.04894,11.21803,2.81256,0.017565,9.6977025,0.10622250000000001,43.51835,10.3433425,0.0,0.0,0.0,0.0,0.0,0.0,0.0,0.0,3.52412
1994_광주광역시,0.043,9.4795,2.4675,0.015,8.5095,0.0855,37.82,9.106,0.0,0.0,0.0,0.0,0.0,0.0,0.0,0.0,3.104
1994_대구광역시,0.0,0.0,0.0,0.0,0.0,0.0,0.0,0.0,0.0,0.0,0.0,0.0,0.0,0.0,0.0,0.0,0.0
1994_대전광역시,0.0,0.0,0.0,0.0,0.0,0.0,0.0,0.0,0.0,0.0,0.0,0.0,0.0,0.0,0.0,0.0,0.0
1994_부산광역시,0.053342999999999995,12.6526815,3.0697634999999996,0.019634,10.582775,0.124615,47.90347,11.2535235,0.0,0.0,0.0,0.0,0.0,0.0,0.0,0.0,3.8325839999999998
1994_서울특별시,0.0,0.0,0.0,0.0,0.0,0.0,0.0,0.0,0.0,0.0,0.0,0.0,0.0,0.0,0.0,0.0,0.0
1994_세종특별자치시,0.0,0.0,0.0,0.0,0.0,0.0,0.0,0.0,0.0,0.0,0.0,0.0,0.0,0.0,0.0,0.0,0.0
1994_울산광역시,0.0,0.0,0.0,0.0,0.0,0.0,0.0,0.0,0.0,0.0,0.0,0.0,0.0,0.0,0.0,0.0,0.0
1994_인천광역시,0.0,0.0,0.0,0.0,0.0,0.0,0.0,0.0,0.0,0.0,0.0,0.0,0.0,0.0,0.0,0.0,0.0
1994_전라남도,0.063109,15.3681445,3.6356805000000003,0.023687,12.5320775,0.1557175,57.11436,13.294693,0.0,0.0,0.0,0.0,0.0,0.0,0.0,0.0,4.526192
1994_전라북도,0.058582999999999996,14.0621015,3.3729435,0.021754,11.627275,0.140315,52.79307,12.351003500000001,0.0,0.0,0.0,0.0,0.0,0.0,0.0,0.0,4.205704
1994_제주도,0.060909,14.9975565,3.5105565,0.023051000000000002,12.1000955,0.1537195,55.30576,12.823323000000002,0.0,0.0,0.0,0.0,0.0,0.0,0.0,0.0,4.365072
1994_충청남도,0.06140399999999999,15.039941999999998,3.538308,0.023146999999999997,12.196077499999998,0.1533175,55.66740999999999,12.931345499999999,0.0,0.0,0.0,0.0,0.0,0.0,0.0,0.0,4.402152
1994_충청북도,0.0,0.0,0.0,0.0,0.0,0.0,0.0,0.0,0.0,0.0,0.0,0.0,0.0,0.0,0.0,0.0,0.0
1995_강원도,0.05048799999999999,14.155756,2.926812,0.021088,10.080928,0.163232,47.74792,10.546755999999998,0.0,0.0,0.0,0.0,0.0,0.0,0.0,0.0,3.583424
1995_경기도,0.044,12.878,2.556,0.019,8.8015,0.1535,42.21,9.1655,0.0,0.0,0.0,0.0,0.0,0.0,0.0,0.0,3.112
1995_경상남도,0.07921599999999998,20.638312,4.576794,0.031280999999999996,15.770488499999999,0.2234565,73.18019000000001,16.623254499999998,0.0,0.0,0.0,0.0,0.0,0.0,0.0,0.0,5.654168
1995_경상북도,0.079129,20.6159545,4.5717704999999995,0.031246999999999997,15.7531775,0.2232175,73.10016,16.604982999999997,0.0,0.0,0.0,0.0,0.0,0.0,0.0,0.0,5.647952
1995_광주광역시,0.043,9.4795,2.4675,0.015,8.5095,0.0855,37.82,9.106,0.0,0.0,0.0,0.0,0.0,0.0,0.0,0.0,3.104
1995_대구광역시,0.079492,20.619706,4.591854,0.031285999999999994,15.822754999999999,0.22235500000000002,73.33518000000001,16.685509,0.0,0.0,0.0,0.0,0.0,0.0,0.0,0.0,5.675696
1995_대전광역시,0.044,12.878,2.556,0.019,8.8015,0.1535,42.21,9.1655,0.0,0.0,0.0,0.0,0.0,0.0,0.0,0.0,3.112
1995_부산광역시,0.053578999999999995,14.957943499999999,3.1053675,0.022305000000000002,10.696198500000001,0.1718865,50.59996,11.195543,0.0,0.0,0.0,0.0,0.0,0.0,0.0,0.0,3.804112
1995_서울특별시,0.044,12.878,2.556,0.019,8.8015,0.1535,42.21,9.1655,0.0,0.0,0.0,0.0,0.0,0.0,0.0,0.0,3.112
1995_세종특별자치시,0.0,0.0,0.0,0.0,0.0,0.0,0.0,0.0,0.0,0.0,0.0,0.0,0.0,0.0,0.0,0.0,0.0
1995_울산광역시,0.0,0.0,0.0,0.0,0.0,0.0,0.0,0.0,0.0,0.0,0.0,0.0,0.0,0.0,0.0,0.0,0.0
1995_인천광역시,0.044,12.878,2.556,0.019,8.8015,0.1535,42.21,9.1655,0.0,0.0,0.0,0.0,0.0,0.0,0.0,0.0,3.112
1995_전라남도,0.052599999999999994,14.773900000000001,3.0495,0.022,10.503400000000001,0.1706,49.774,10.986699999999999,0.0,0.0,0.0,0.0,0.0,0.0,0.0,0.0,3.7328
1995_전라북도,0.061542999999999994,16.742237499999998,3.5626515000000003,0.025115999999999996,12.273083999999999,0.18831599999999998,57.63617000000001,12.8806885,0.0,0.0,0.0,0.0,0.0,0.0,0.0,0.0,4.378424000000001
1995_제주도,0.044558999999999994,13.0012335,2.5880775000000003,0.019195,8.9121235,0.15461149999999999,42.701660000000004,9.283878,0.0,0.0,0.0,0.0,0.0,0.0,0.0,0.0,3.152352
1995_충청남도,0.049762,14.148253,2.886645,0.02101,9.941773000000001,0.164957,47.27788,10.385704,0.0,0.0,0.0,0.0,0.0,0.0,0.0,0.0,3.527936
1995_충청북도,0.0,0.0,0.0,0.0,0.0,0.0,0.0,0.0,0.0,0.0,0.0,0.0,0.0,0.0,0.0,0.0,0.0
1996_강원도,0.04525799999999999,11.550417,2.612475,0.017595,9.0029295,0.12266550000000001,41.543670000000006,9.508798500000001,0.0,0.0,0.0,0.0,0.0,0.0,0.0,0.0,3.235224
1996_경기도,0.022,6.439,1.278,0.0095,4.40075,0.07675,21.105,4.58275,0.0,0.0,0.0,0.0,0.0,0.0,0.0,0.0,1.556
1996_경상남도,0.048324,11.037738,2.776776,0.017299,9.5744815,0.10407350000000001,42.92741,10.2150255,0.0,0.0,0.0,0.0,0.0,0.0,0.0,0.0,3.4805520000000003
1996_경상북도,0.048324,11.037738,2.776776,0.017299,9.5744815,0.10407350000000001,42.92741,10.2150255,0.0,0.0,0.0,0.0,0.0,0.0,0.0,0.0,3.4805520000000003
1996_광주광역시,0.0,0.0,0.0,0.0,0.0,0.0,0.0,0.0,0.0,0.0,0.0,0.0,0.0,0.0,0.0,0.0,0.0
1996_대구광역시,0.04679,10.607399,2.6878469999999997,0.016658,9.268180999999998,0.099109,41.4764,9.894589999999999,0.0,0.0,0.0,0.0,0.0,0.0,0.0,0.0,3.37168
1996_대전광역시,0.022,6.439,1.278,0.0095,4.40075,0.07675,21.105,4.58275,0.0,0.0,0.0,0.0,0.0,0.0,0.0,0.0,1.556
1996_부산광역시,0.022,6.439,1.278,0.0095,4.40075,0.07675,21.105,4.58275,0.0,0.0,0.0,0.0,0.0,0.0,0.0,0.0,1.556
1996_서울특별시,0.0,0.0,0.0,0.0,0.0,0.0,0.0,0.0,0.0,0.0,0.0,0.0,0.0,0.0,0.0,0.0,0.0
1996_세종특별자치시,0.0,0.0,0.0,0.0,0.0,0.0,0.0,0.0,0.0,0.0,0.0,0.0,0.0,0.0,0.0,0.0,0.0
1996_울산광역시,0.0,0.0,0.0,0.0,0.0,0.0,0.0,0.0,0.0,0.0,0.0,0.0,0.0,0.0,0.0,0.0,0.0
1996_인천광역시,0.043562,11.116145,2.5145609999999996,0.016933999999999998,8.665510999999999,0.118039,39.98528,9.152534,0.0,0.0,0.0,0.0,0.0,0.0,0.0,0.0,3.1140160000000003
1996_전라남도,0.063109,15.3681445,3.6356805000000003,0.023687,12.5320775,0.1557175,57.11436,13.294693,0.0,0.0,0.0,0.0,0.0,0.0,0.0,0.0,4.526192
1996_전라북도,0.060348,14.594214000000001,3.475626,0.022534,11.980795,0.146795,54.503420000000006,12.717920999999999,0.0,0.0,0.0,0.0,0.0,0.0,0.0,0.0,4.330224
1996_제주도,0.063078,15.399446999999999,3.6342749999999997,0.023719999999999998,12.527072,0.156448,57.129220000000004,13.286300999999998,0.0,0.0,0.0,0.0,0.0,0.0,0.0,0.0,4.5231840000000005
1996_충청남도,0.060973,14.9417485,3.5135445,0.022993,12.1106905,0.1523945,55.284819999999996,12.840226000000001,0.0,0.0,0.0,0.0,0.0,0.0,0.0,0.0,4.371104000000001
1996_충청북도,0.055583999999999995,13.162607999999999,3.1985159999999997,0.020434,11.026729,0.129401,49.89206,11.727333,0.0,0.0,0.0,0.0,0.0,0.0,0.0,0.0,3.994032
1997_강원도,0.045031999999999996,13.105508,2.61522,0.01936,9.005728000000001,0.155552,43.11768,9.384044,0.0,0.0,0.0,0.0,0.0,0.0,0.0,0.0,3.186496
1997_경기도,0.044,12.878,2.556,0.019,8.8015,0.1535,42.21,9.1655,0.0,0.0,0.0,0.0,0.0,0.0,0.0,0.0,3.112
1997_경상남도,0.080548,20.928778,4.653198,0.031742,16.033991,0.226039,74.34822,16.905481,0.0,0.0,0.0,0.0,0.0,0.0,0.0,0.0,5.750384
1997_경상북도,0.08041799999999999,20.896940999999998,4.645707,0.031693,16.0081705,0.22571449999999998,74.23037,16.8781035,0.0,0.0,0.0,0.0,0.0,0.0,0.0,0.0,5.741064
1997_광주광역시,0.0,0.0,0.0,0.0,0.0,0.0,0.0,0.0,0.0,0.0,0.0,0.0,0.0,0.0,0.0,0.0,0.0
1997_대구광역시,0.075316,19.683201999999998,4.352064,0.029811,14.9958735,0.2137215,69.64469,15.8019295,0.0,0.0,0.0,0.0,0.0,0.0,0.0,0.0,5.374568
1997_대전광역시,0.044,12.878,2.556,0.019,8.8015,0.1535,42.21,9.1655,0.0,0.0,0.0,0.0,0.0,0.0,0.0,0.0,3.112
1997_부산광역시,0.048250999999999995,13.7960795,2.7997515,0.020461,9.642188500000001,0.1615565,45.92784,10.066637,0.0,0.0,0.0,0.0,0.0,0.0,0.0,0.0,3.419248
1997_서울특별시,0.0,0.0,0.0,0.0,0.0,0.0,0.0,0.0,0.0,0.0,0.0,0.0,0.0,0.0,0.0,0.0,0.0
1997_세종특별자치시,0.0,0.0,0.0,0.0,0.0,0.0,0.0,0.0,0.0,0.0,0.0,0.0,0.0,0.0,0.0,0.0,0.0
1997_울산광역시,0.0,0.0,0.0,0.0,0.0,0.0,0.0,0.0,0.0,0.0,0.0,0.0,0.0,0.0,0.0,0.0,0.0
1997_인천광역시,0.044,12.878,2.556,0.019,8.8015,0.1535,42.21,9.1655,0.0,0.0,0.0,0.0,0.0,0.0,0.0,0.0,3.112
1997_전라남도,0.048343,13.8354295,2.8052175,0.020515,9.6609595,0.1621355,46.02982,10.085206,0.0,0.0,0.0,0.0,0.0,0.0,0.0,0.0,3.425504
1997_전라북도,0.053114999999999996,14.884255499999998,3.0790215,0.022175999999999998,10.605222,0.171558,50.22345,11.0959125,0.0,0.0,0.0,0.0,0.0,0.0,0.0,0.0,3.7700400000000003
1997_제주도,0.046408,13.408852,2.6941800000000002,0.01984,9.278032000000001,0.15828799999999998,44.32792,9.675436,0.0,0.0,0.0,0.0,0.0,0.0,0.0,0.0,3.2858240000000003
1997_충청남도,0.047181999999999995,13.579483,2.738595,0.02011,9.431203,0.159827,45.00868,9.839344,0.0,0.0,0.0,0.0,0.0,0.0,0.0,0.0,3.341696
1997_충청북도,0.0,0.0,0.0,0.0,0.0,0.0,0.0,0.0,0.0,0.0,0.0,0.0,0.0,0.0,0.0,0.0,0.0
1998_강원도,0.050721999999999996,12.764509,2.926113,0.019512,10.084512,0.133728,46.35998,10.665439,0.0,0.0,0.0,0.0,0.0,0.0,0.0,0.0,3.6294560000000002
1998_경기도,0.022,6.439,1.278,0.0095,4.40075,0.07675,21.105,4.58275,0.0,0.0,0.0,0.0,0.0,0.0,0.0,0.0,1.556
1998_경상남도,0.047839999999999994,10.89608,2.7486599999999997,0.01709,9.477665,0.102385,42.4631,10.114205,0.0,0.0,0.0,0.0,0.0,0.0,0.0,0.0,3.44632
1998_경상북도,0.049555999999999996,11.398322,2.848344,0.017831,9.8209235,0.10837150000000001,44.10929,10.4716595,0.0,0.0,0.0,0.0,0.0,0.0,0.0,0.0,3.567688
1998_광주광역시,0.022,6.439,1.278,0.0095,4.40075,0.07675,21.105,4.58275,0.0,0.0,0.0,0.0,0.0,0.0,0.0,0.0,1.556
1998_대구광역시,0.05053099999999999,11.7054275,2.9051955,0.018276999999999998,10.0166005,0.1122245,45.068639999999995,10.673717,0.0,0.0,0.0,0.0,0.0,0.0,0.0,0.0,3.636208
1998_대전광역시,0.0,0.0,0.0,0.0,0.0,0.0,0.0,0.0,0.0,0.0,0.0,0.0,0.0,0.0,0.0,0.0,0.0
1998_부산광역시,0.05149599999999999,12.661828,2.9678519999999997,0.019468,10.22959,0.12958999999999998,46.738839999999996,10.842442,0.0,0.0,0.0,0.0,0.0,0.0,0.0,0.0,3.690848
1998_서울특별시,0.0,0.0,0.0,0.0,0.0,0.0,0.0,0.0,0.0,0.0,0.0,0.0,0.0,0.0,0.0,0.0,0.0
1998_세종특별자치시,0.0,0.0,0.0,0.0,0.0,0.0,0.0,0.0,0.0,0.0,0.0,0.0,0.0,0.0,0.0,0.0,0.0
1998_울산광역시,0.064428,15.751086,3.7122719999999996,0.024252999999999997,12.7958305,0.16025450000000002,58.376270000000005,13.5695985,0.0,0.0,0.0,0.0,0.0,0.0,0.0,0.0,4.619544
1998_인천광역시,0.04321599999999999,11.033512,2.494644,0.016806,8.596851000000001,0.11721899999999999,39.67394,9.079567,0.0,0.0,0.0,0.0,0.0,0.0,0.0,0.0,3.089168
1998_전라남도,0.063373,15.4454125,3.6510165,0.023801000000000003,12.5848865,0.1566385,57.36762,13.349686000000002,0.0,0.0,0.0,0.0,0.0,0.0,0.0,0.0,4.5448640000000005
1998_전라북도,0.05985599999999999,14.425368,3.446802,0.022293,11.881642499999998,0.1445625,54.00399,12.6166245,0.0,0.0,0.0,0.0,0.0,0.0,0.0,0.0,4.295928
1998_제주도,0.06365299999999999,15.577056499999998,3.6677684999999998,0.023979,12.642367499999999,0.1586475,57.69112,13.405631,0.0,0.0,0.0,0.0,0.0,0.0,0.0,0.0,4.563664
1998_충청남도,0.061031,15.002205499999999,3.5173395000000003,0.023067999999999998,12.12358,0.15350000000000003,55.388490000000004,12.8502245,0.0,0.0,0.0,0.0,0.0,0.0,0.0,0.0,4.374328
1998_충청북도,0.043,9.4795,2.4675,0.015,8.5095,0.0855,37.82,9.106,0.0,0.0,0.0,0.0,0.0,0.0,0.0,0.0,3.104
1999_강원도,0.044258,12.934877,2.570805,0.01909,8.852557000000001,0.154013,42.43692,9.220136,0.0,0.0,0.0,0.0,0.0,0.0,0.0,0.0,3.130624
1999_경기도,0.044,12.878,2.556,0.019,8.8015,0.1535,42.21,9.1655,0.0,0.0,0.0,0.0,0.0,0.0,0.0,0.0,3.112
1999_경상남도,0.08080599999999999,20.985655,4.668003,0.031832,16.085048,0.226552,74.57514,16.960117,0.0,0.0,0.0,0.0,0.0,0.0,0.0,0.0,5.7690079999999995
1999_경상북도,0.077152,20.183296,4.458354,0.030560999999999998,15.3620325,0.2193525,71.36483000000001,16.1861665,0.0,0.0,0.0,0.0,0.0,0.0,0.0,0.0,5.5051760000000005
1999_광주광역시,0.044,12.878,2.556,0.019,8.8015,0.1535,42.21,9.1655,0.0,0.0,0.0,0.0,0.0,0.0,0.0,0.0,3.112
1999_대구광역시,0.07373099999999999,19.3528515,4.2612974999999995,0.02928,14.682774,0.21096600000000001,68.27169,15.4653645,0.0,0.0,0.0,0.0,0.0,0.0,0.0,0.0,5.259768
1999_대전광역시,0.0,0.0,0.0,0.0,0.0,0.0,0.0,0.0,0.0,0.0,0.0,0.0,0.0,0.0,0.0,0.0,0.0
1999_부산광역시,0.044,12.878,2.556,0.019,8.8015,0.1535,42.21,9.1655,0.0,0.0,0.0,0.0,0.0,0.0,0.0,0.0,3.112
1999_서울특별시,0.0,0.0,0.0,0.0,0.0,0.0,0.0,0.0,0.0,0.0,0.0,0.0,0.0,0.0,0.0,0.0,0.0
1999_세종특별자치시,0.0,0.0,0.0,0.0,0.0,0.0,0.0,0.0,0.0,0.0,0.0,0.0,0.0,0.0,0.0,0.0,0.0
1999_울산광역시,0.048722,13.893557000000001,2.826717,0.020618,9.735209000000001,0.16236099999999998,46.335080000000005,10.166684,0.0,0.0,0.0,0.0,0.0,0.0,0.0,0.0,3.453376
1999_인천광역시,0.044,12.878,2.556,0.019,8.8015,0.1535,42.21,9.1655,0.0,0.0,0.0,0.0,0.0,0.0,0.0,0.0,3.112
1999_전라남도,0.050106,14.224089,2.906385,0.02113,10.009849,0.16564099999999998,47.58044,10.458552,0.0,0.0,0.0,0.0,0.0,0.0,0.0,0.0,3.552768
1999_전라북도,0.05904899999999999,16.1924265,3.4195365000000004,0.024245999999999997,11.779533,0.183357,55.44261,12.3525405,0.0,0.0,0.0,0.0,0.0,0.0,0.0,0.0,4.198392
1999_제주도,0.04486,13.067590000000001,2.60535,0.0193,8.97169,0.15521,42.9664,9.34762,0.0,0.0,0.0,0.0,0.0,0.0,0.0,0.0,3.17408
1999_충청남도,0.048171,13.7975115,2.7953475,0.020455,9.6269215,0.1617935,45.87854,10.048782,0.0,0.0,0.0,0.0,0.0,0.0,0.0,0.0,3.413088
1999_충청북도,0.056496,15.57876,3.272538,0.023297,11.272800499999999,0.17722449999999998,53.14099,11.8143345,0.0,0.0,0.0,0.0,0.0,0.0,0.0,0.0,4.015128000000001
2000_강원도,0.05424799999999999,13.541827999999999,3.1284479999999997,0.020742,10.782291,0.140739,49.46122,11.412130999999999,0.0,0.0,0.0,0.0,0.0,0.0,0.0,0.0,3.8839840000000003
2000_경기도,0.022,6.439,1.278,0.0095,4.40075,0.07675,21.105,4.58275,0.0,0.0,0.0,0.0,0.0,0.0,0.0,0.0,1.556
2000_경상남도,0.04885199999999999,11.192274,2.807448,0.017527,9.680099499999999,0.10591550000000001,43.433930000000004,10.3250115,0.0,0.0,0.0,0.0,0.0,0.0,0.0,0.0,3.5178960000000004
2000_경상북도,0.05245999999999999,12.24827,3.0170399999999997,0.019084999999999998,10.4018225,0.11850250000000001,46.89515,11.0765825,0.0,0.0,0.0,0.0,0.0,0.0,0.0,0.0,3.77308
2000_광주광역시,0.022,6.439,1.278,0.0095,4.40075,0.07675,21.105,4.58275,0.0,0.0,0.0,0.0,0.0,0.0,0.0,0.0,1.556
2000_대구광역시,0.054583999999999994,12.907195999999999,3.14079,0.020045,10.8277985,0.1266865,48.973910000000004,11.5172405,0.0,0.0,0.0,0.0,0.0,0.0,0.0,0.0,3.9225520000000005
2000_대전광역시,0.022,6.439,1.278,0.0095,4.40075,0.07675,21.105,4.58275,0.0,0.0,0.0,0.0,0.0,0.0,0.0,0.0,1.556
2000_부산광역시,0.043725,11.1234765,2.5236345,0.016958,8.696921,0.11776900000000001,40.09705,9.188422500000001,0.0,0.0,0.0,0.0,0.0,0.0,0.0,0.0,3.12636
2000_서울특별시,0.0,0.0,0.0,0.0,0.0,0.0,0.0,0.0,0.0,0.0,0.0,0.0,0.0,0.0,0.0,0.0,0.0
2000_세종특별자치시,0.0,0.0,0.0,0.0,0.0,0.0,0.0,0.0,0.0,0.0,0.0,0.0,0.0,0.0,0.0,0.0,0.0
2000_울산광역시,0.022,6.439,1.278,0.0095,4.40075,0.07675,21.105,4.58275,0.0,0.0,0.0,0.0,0.0,0.0,0.0,0.0,1.556
2000_인천광역시,0.022,6.439,1.278,0.0095,4.40075,0.07675,21.105,4.58275,0.0,0.0,0.0,0.0,0.0,0.0,0.0,0.0,1.556
2000_전라남도,0.063637,15.5226805,3.6663525,0.023915,12.6376955,0.15755950000000002,57.62088,13.404679000000002,0.0,0.0,0.0,0.0,0.0,0.0,0.0,0.0,4.563536
2000_전라북도,0.06161899999999999,14.9506835,3.5493075000000003,0.023065,12.234578499999998,0.1509065,55.70556,12.983423,0.0,0.0,0.0,0.0,0.0,0.0,0.0,0.0,4.420432
2000_제주도,0.06271499999999999,15.395695499999999,3.6141914999999996,0.023681,12.4574945,0.1573105,56.8942,13.205775,0.0,0.0,0.0,0.0,0.0,0.0,0.0,0.0,4.49544
2000_충청남도,0.061245999999999995,15.049603000000001,3.5296769999999995,0.023142999999999997,12.1661275,0.1539275,55.57759,12.8957545,0.0,0.0,0.0,0.0,0.0,0.0,0.0,0.0,4.389848000000001
2000_충청북도,0.059289999999999995,14.415001,3.415443,0.022226999999999997,11.773021499999999,0.14581349999999998,53.632549999999995,12.4912825,0.0,0.0,0.0,0.0,0.0,0.0,0.0,0.0,4.25276
2001_강원도,0.044601999999999996,13.010713,2.590545,0.019209999999999998,8.920633,0.154697,42.73948,9.292984,0.0,0.0,0.0,0.0,0.0,0.0,0.0,0.0,3.155456
2001_경기도,0.044,12.878,2.556,0.019,8.8015,0.1535,42.21,9.1655,0.0,0.0,0.0,0.0,0.0,0.0,0.0,0.0,3.112
2001_경상남도,0.079603,20.7236275,4.5990015,0.031416,15.847074,0.22422599999999998,73.52057,16.705208499999998,0.0,0.0,0.0,0.0,0.0,0.0,0.0,0.0,5.682104000000001
2001_경상북도,0.07298099999999999,19.2637845,4.219006500000001,0.029106,14.536611,0.211059,67.69629,15.302884500000001,0.0,0.0,0.0,0.0,0.0,0.0,0.0,0.0,5.2040880000000005
2001_광주광역시,0.051362000000000005,14.256269000000001,2.976063,0.021287,10.2511595,0.16305550000000002,48.41483,10.736256500000001,0.0,0.0,0.0,0.0,0.0,0.0,0.0,0.0,3.648376
2001_대구광역시,0.06986999999999999,18.530282999999997,4.040019,0.027965999999999998,13.919547,0.20388299999999998,64.9074,14.646359999999998,0.0,0.0,0.0,0.0,0.0,0.0,0.0,0.0,4.98048
2001_대전광역시,0.044,12.878,2.556,0.019,8.8015,0.1535,42.21,9.1655,0.0,0.0,0.0,0.0,0.0,0.0,0.0,0.0,3.112
2001_부산광역시,0.049773,14.0489805,2.8862805,0.020897,9.9409385,0.1628665,47.175219999999996,10.392906,0.0,0.0,0.0,0.0,0.0,0.0,0.0,0.0,3.530784
2001_서울특별시,0.0,0.0,0.0,0.0,0.0,0.0,0.0,0.0,0.0,0.0,0.0,0.0,0.0,0.0,0.0,0.0,0.0
2001_세종특별자치시,0.0,0.0,0.0,0.0,0.0,0.0,0.0,0.0,0.0,0.0,0.0,0.0,0.0,0.0,0.0,0.0,0.0
2001_울산광역시,0.046017999999999996,13.313341,2.671707,0.019693,9.200570500000001,0.1573145,43.97437,9.5933035,0.0,0.0,0.0,0.0,0.0,0.0,0.0,0.0,3.2578640000000005
2001_인천광역시,0.044,12.878,2.556,0.019,8.8015,0.1535,42.21,9.1655,0.0,0.0,0.0,0.0,0.0,0.0,0.0,0.0,3.112
2001_전라남도,0.048299999999999996,13.82595,2.80275,0.0205,9.65245,0.16205,45.992000000000004,10.0761,0.0,0.0,0.0,0.0,0.0,0.0,0.0,0.0,3.4224
2001_전라북도,0.057071,15.7563695,3.3060315000000005,0.023555999999999997,11.388096,0.179424,53.702890000000004,11.933664499999999,0.0,0.0,0.0,0.0,0.0,0.0,0.0,0.0,4.055608
2001_제주도,0.04615,13.351975,2.679375,0.01975,9.226975000000001,0.157775,44.101,9.6208,0.0,0.0,0.0,0.0,0.0,0.0,0.0,0.0,3.2672
2001_충청남도,0.047741,13.7027165,2.7706725,0.020305,9.5418265,0.16093849999999998,45.50034,9.957722,0.0,0.0,0.0,0.0,0.0,0.0,0.0,0.0,3.382048
2001_충청북도,0.056284,15.541558,3.260466,0.023234,11.231129,0.177001,52.965059999999994,11.768982999999999,0.0,0.0,0.0,0.0,0.0,0.0,0.0,0.0,3.999632
2002_강원도,0.043367,11.1367175,2.5039935,0.016939,8.6288035,0.11897150000000001,39.88398,9.108194000000001,0.0,0.0,0.0,0.0,0.0,0.0,0.0,0.0,3.098656
2002_경기도,0.022,6.439,1.278,0.0095,4.40075,0.07675,21.105,4.58275,0.0,0.0,0.0,0.0,0.0,0.0,0.0,0.0,1.556
2002_경상남도,0.048588,11.115006,2.792112,0.017412999999999998,9.627290499999999,0.1049945,43.18067,10.270018499999999,0.0,0.0,0.0,0.0,0.0,0.0,0.0,0.0,3.499224
2002_경상북도,0.052592,12.286904,3.024708,0.019142,10.428227,0.11896300000000001,47.02178,11.104079,0.0,0.0,0.0,0.0,0.0,0.0,0.0,0.0,3.782416
2002_광주광역시,0.048912,11.259528,2.8114199999999996,0.017609999999999997,9.693572999999999,0.107157,43.54638,10.335128999999998,0.0,0.0,0.0,0.0,0.0,0.0,0.0,0.0,3.5211360000000003
2002_대구광역시,0.056341999999999996,13.415519,3.2428529999999993,0.020797,11.179274499999998,0.13269050000000002,50.65353,11.8837415,0.0,0.0,0.0,0.0,0.0,0.0,0.0,0.0,4.047016
2002_대전광역시,0.0,0.0,0.0,0.0,0.0,0.0,0.0,0.0,0.0,0.0,0.0,0.0,0.0,0.0,0.0,0.0,0.0
2002_부산광역시,0.042713,10.8272825,2.4648465,0.016521,8.4944865,0.11423850000000002,39.12622,8.977616000000001,0.0,0.0,0.0,0.0,0.0,0.0,0.0,0.0,3.054784
2002_서울특별시,0.0,0.0,0.0,0.0,0.0,0.0,0.0,0.0,0.0,0.0,0.0,0.0,0.0,0.0,0.0,0.0,0.0
2002_세종특별자치시,0.0,0.0,0.0,0.0,0.0,0.0,0.0,0.0,0.0,0.0,0.0,0.0,0.0,0.0,0.0,0.0,0.0
2002_울산광역시,0.022,6.439,1.278,0.0095,4.40075,0.07675,21.105,4.58275,0.0,0.0,0.0,0.0,0.0,0.0,0.0,0.0,1.556
2002_인천광역시,0.022,6.439,1.278,0.0095,4.40075,0.07675,21.105,4.58275,0.0,0.0,0.0,0.0,0.0,0.0,0.0,0.0,1.556
2002_전라남도,0.063857,15.5870705,3.6791324999999997,0.02401,12.681702999999999,0.158327,57.83193,13.4505065,0.0,0.0,0.0,0.0,0.0,0.0,0.0,0.0,4.579096
2002_전라북도,0.061662999999999996,14.9635615,3.5518635,0.023084,12.243379999999998,0.15106,55.747769999999996,12.9925885,0.0,0.0,0.0,0.0,0.0,0.0,0.0,0.0,4.423544
2002_제주도,0.063521,15.5384225,3.6601004999999995,0.023922,12.615963,0.15818700000000002,57.56448999999999,13.3781345,0.0,0.0,0.0,0.0,0.0,0.0,0.0,0.0,4.554328
2002_충청남도,0.061883999999999995,15.168006,3.56607,0.02334,12.291726,0.15473399999999998,56.11416,13.031927999999997,0.0,0.0,0.0,0.0,0.0,0.0,0.0,0.0,4.436351999999999
2002_충청북도,0.056718,13.600107,3.2654249999999996,0.021044999999999998,11.2566945,0.1355505,51.09657,11.9584935,0.0,0.0,0.0,0.0,0.0,0.0,0.0,0.0,4.0721039999999995
2003_강원도,0.044,12.878,2.556,0.019,8.8015,0.1535,42.21,9.1655,0.0,0.0,0.0,0.0,0.0,0.0,0.0,0.0,3.112
2003_경기도,0.044,12.878,2.556,0.019,8.8015,0.1535,42.21,9.1655,0.0,0.0,0.0,0.0,0.0,0.0,0.0,0.0,3.112
2003_경상남도,0.079688,20.739188,4.603847999999999,0.031442,15.863801,0.224329,73.59182,16.723361,0.0,0.0,0.0,0.0,0.0,0.0,0.0,0.0,5.6883040000000005
2003_경상북도,0.076549,20.0471845,4.4237205,0.030347,15.242607500000002,0.2180875,70.83096,16.058623,0.0,0.0,0.0,0.0,0.0,0.0,0.0,0.0,5.461712
2003_광주광역시,0.044,12.878,2.556,0.019,8.8015,0.1535,42.21,9.1655,0.0,0.0,0.0,0.0,0.0,0.0,0.0,0.0,3.112
2003_대구광역시,0.065665,17.6318785,3.7990005,0.026532,13.088244,0.196116,61.24055,13.754507499999999,0.0,0.0,0.0,0.0,0.0,0.0,0.0,0.0,4.676360000000001
2003_대전광역시,0.0,0.0,0.0,0.0,0.0,0.0,0.0,0.0,0.0,0.0,0.0,0.0,0.0,0.0,0.0,0.0,0.0
2003_부산광역시,0.052027,14.1931195,3.0121694999999997,0.021278,10.376549,0.160021,48.768029999999996,10.887131499999999,0.0,0.0,0.0,0.0,0.0,0.0,0.0,0.0,3.700616
2003_서울특별시,0.0,0.0,0.0,0.0,0.0,0.0,0.0,0.0,0.0,0.0,0.0,0.0,0.0,0.0,0.0,0.0,0.0
2003_세종특별자치시,0.0,0.0,0.0,0.0,0.0,0.0,0.0,0.0,0.0,0.0,0.0,0.0,0.0,0.0,0.0,0.0,0.0
2003_울산광역시,0.044,12.878,2.556,0.019,8.8015,0.1535,42.21,9.1655,0.0,0.0,0.0,0.0,0.0,0.0,0.0,0.0,3.112
2003_인천광역시,0.044,12.878,2.556,0.019,8.8015,0.1535,42.21,9.1655,0.0,0.0,0.0,0.0,0.0,0.0,0.0,0.0,3.112
2003_전라남도,0.047311,13.6079215,2.7459975,0.020155,9.4567315,0.1600835,45.12214,9.866662,0.0,0.0,0.0,0.0,0.0,0.0,0.0,0.0,3.351008
2003_전라북도,0.052211999999999995,14.685186,3.0272040000000002,0.021861,10.4265225,0.16976249999999998,49.429230000000004,10.9046865,0.0,0.0,0.0,0.0,0.0,0.0,0.0,0.0,3.7048560000000004
2003_제주도,0.046451,13.4183315,2.6966475,0.019855,9.2865415,0.1583735,44.36574,9.684542,0.0,0.0,0.0,0.0,0.0,0.0,0.0,0.0,3.2889280000000003
2003_충청남도,0.04486,13.067590000000001,2.60535,0.0193,8.97169,0.15521,42.9664,9.34762,0.0,0.0,0.0,0.0,0.0,0.0,0.0,0.0,3.17408
2003_충청북도,0.06340499999999999,17.0573805,3.6685665,0.025655999999999998,12.638742,0.19003799999999998,59.16855,13.279567499999999,0.0,0.0,0.0,0.0,0.0,0.0,0.0,0.0,4.51476
2004_강원도,0.022,6.439,1.278,0.0095,4.40075,0.07675,21.105,4.58275,0.0,0.0,0.0,0.0,0.0,0.0,0.0,0.0,1.556
2004_경기도,0.022,6.439,1.278,0.0095,4.40075,0.07675,21.105,4.58275,0.0,0.0,0.0,0.0,0.0,0.0,0.0,0.0,1.556
2004_경상남도,0.048235999999999994,11.011982,2.771664,0.017261,9.5568785,0.10376650000000001,42.84299,10.1966945,0.0,0.0,0.0,0.0,0.0,0.0,0.0,0.0,3.474328
2004_경상북도,0.053911999999999995,12.673244,3.101388,0.019712,10.692271999999999,0.12356800000000001,48.28808,11.379044,0.0,0.0,0.0,0.0,0.0,0.0,0.0,0.0,3.875776
2004_광주광역시,0.057220999999999994,13.806336499999999,3.2952224999999995,0.02133,11.359058999999998,0.13853100000000002,51.64429,12.0604445,0.0,0.0,0.0,0.0,0.0,0.0,0.0,0.0,4.106488
2004_대구광역시,0.05809899999999999,13.920443500000001,3.3448275,0.021544999999999998,11.530458499999998,0.13862649999999999,52.328759999999996,12.250183,0.0,0.0,0.0,0.0,0.0,0.0,0.0,0.0,4.171472
2004_대전광역시,0.0,0.0,0.0,0.0,0.0,0.0,0.0,0.0,0.0,0.0,0.0,0.0,0.0,0.0,0.0,0.0,0.0
2004_부산광역시,0.044572999999999995,11.2722845,2.5719225,0.01721,8.863606999999998,0.118663,40.80077,9.3698285,0.0,0.0,0.0,0.0,0.0,0.0,0.0,0.0,3.188344
2004_서울특별시,0.0,0.0,0.0,0.0,0.0,0.0,0.0,0.0,0.0,0.0,0.0,0.0,0.0,0.0,0.0,0.0,0.0
2004_세종특별자치시,0.0,0.0,0.0,0.0,0.0,0.0,0.0,0.0,0.0,0.0,0.0,0.0,0.0,0.0,0.0,0.0,0.0
2004_울산광역시,0.055612,13.394422,3.2023319999999997,0.020703,11.0389515,0.1341435,50.16593,11.722451500000002,0.0,0.0,0.0,0.0,0.0,0.0,0.0,0.0,3.9914960000000006
2004_인천광역시,0.022,6.439,1.278,0.0095,4.40075,0.07675,21.105,4.58275,0.0,0.0,0.0,0.0,0.0,0.0,0.0,0.0,1.556
2004_전라남도,0.06398899999999999,15.625704500000001,3.6868005,0.024066999999999998,12.708107499999999,0.1587875,57.95855999999999,13.478003000000001,0.0,0.0,0.0,0.0,0.0,0.0,0.0,0.0,4.588432
2004_전라북도,0.06254499999999999,15.227918500000001,3.6031605,0.023472,12.419993999999999,0.15426600000000001,56.60075,13.1760175,0.0,0.0,0.0,0.0,0.0,0.0,0.0,0.0,4.4858
2004_제주도,0.063523,15.5452195,3.6602774999999994,0.02393,12.616546999999999,0.158323,57.573269999999994,13.3782535,0.0,0.0,0.0,0.0,0.0,0.0,0.0,0.0,4.554344
2004_충청남도,0.061931,15.1910795,3.5688915,0.023370999999999996,12.3014035,0.1550915,56.16954,13.041272,0.0,0.0,0.0,0.0,0.0,0.0,0.0,0.0,4.439488
2004_충청북도,0.058414999999999995,14.0377775,3.3634275,0.02171,11.594404999999998,0.140245,52.659349999999996,12.3148175,0.0,0.0,0.0,0.0,0.0,0.0,0.0,0.0,4.19332
2005_강원도,0.048857,13.942386500000001,2.8346505,0.020687,9.762489500000001,0.1630255,46.47488,10.194359,0.0,0.0,0.0,0.0,0.0,0.0,0.0,0.0,3.462736
2005_경기도,0.044,12.878,2.556,0.019,8.8015,0.1535,42.21,9.1655,0.0,0.0,0.0,0.0,0.0,0.0,0.0,0.0,3.112
2005_경상남도,0.08093499999999999,21.0140935,4.6754055,0.031877,16.1105765,0.2268085,74.68860000000001,16.987434999999998,0.0,0.0,0.0,0.0,0.0,0.0,0.0,0.0,5.778320000000001
2005_경상북도,0.072637,19.1879485,4.1992665,0.028985999999999998,14.468535,0.210375,67.39373,15.2300365,0.0,0.0,0.0,0.0,0.0,0.0,0.0,0.0,5.1792560000000005
2005_광주광역시,0.07335599999999999,18.89835,4.236138,0.028721999999999998,14.597553,0.20249699999999998,67.53114,15.403766999999998,0.0,0.0,0.0,0.0,0.0,0.0,0.0,0.0,5.240208
2005_대구광역시,0.072586,19.151281,4.196091,0.028939,14.4576895,0.2097455,67.32079,15.2204545,0.0,0.0,0.0,0.0,0.0,0.0,0.0,0.0,5.176088
2005_대전광역시,0.044,12.878,2.556,0.019,8.8015,0.1535,42.21,9.1655,0.0,0.0,0.0,0.0,0.0,0.0,0.0,0.0,3.112
2005_부산광역시,0.044,12.878,2.556,0.019,8.8015,0.1535,42.21,9.1655,0.0,0.0,0.0,0.0,0.0,0.0,0.0,0.0,3.112
2005_서울특별시,0.0,0.0,0.0,0.0,0.0,0.0,0.0,0.0,0.0,0.0,0.0,0.0,0.0,0.0,0.0,0.0,0.0
2005_세종특별자치시,0.0,0.0,0.0,0.0,0.0,0.0,0.0,0.0,0.0,0.0,0.0,0.0,0.0,0.0,0.0,0.0,0.0
2005_울산광역시,0.061778,16.720948999999997,3.575421,0.025113999999999997,12.317425,0.18726500000000001,57.762119999999996,12.933955999999998,0.0,0.0,0.0,0.0,0.0,0.0,0.0,0.0,4.396864
2005_인천광역시,0.044,12.878,2.556,0.019,8.8015,0.1535,42.21,9.1655,0.0,0.0,0.0,0.0,0.0,0.0,0.0,0.0,3.112
2005_전라남도,0.047741,13.7027165,2.7706725,0.020305,9.5418265,0.16093849999999998,45.50034,9.957722,0.0,0.0,0.0,0.0,0.0,0.0,0.0,0.0,3.382048
2005_전라북도,0.052686,14.792859,3.0544350000000002,0.02203,10.520419,0.170771,49.84964,11.004912,0.0,0.0,0.0,0.0,0.0,0.0,0.0,0.0,3.739008
2005_제주도,0.04572,13.25718,2.6547,0.0196,9.14188,0.15692,43.7228,9.52974,0.0,0.0,0.0,0.0,0.0,0.0,0.0,0.0,3.23616
2005_충청남도,0.047526,13.655319,2.758335,0.020229999999999998,9.499279000000001,0.160511,45.31124,9.912192,0.0,0.0,0.0,0.0,0.0,0.0,0.0,0.0,3.366528
2005_충청북도,0.058914999999999995,16.1469955,3.4116915,0.024181,11.7525445,0.1827605,55.3072,12.324925,0.0,0.0,0.0,0.0,0.0,0.0,0.0,0.0,4.18904
2006_강원도,0.022,6.439,1.278,0.0095,4.40075,0.07675,21.105,4.58275,0.0,0.0,0.0,0.0,0.0,0.0,0.0,0.0,1.556
2006_경기도,0.022,6.439,1.278,0.0095,4.40075,0.07675,21.105,4.58275,0.0,0.0,0.0,0.0,0.0,0.0,0.0,0.0,1.556
2006_경상남도,0.048367999999999994,11.050616,2.7793319999999997,0.017318,9.583283,0.10422700000000001,42.96962,10.224191,0.0,0.0,0.0,0.0,0.0,0.0,0.0,0.0,3.483664
2006_경상북도,0.054307999999999995,12.789146,3.124392,0.019882999999999998,10.771485499999999,0.1249495,48.66797,11.4615335,0.0,0.0,0.0,0.0,0.0,0.0,0.0,0.0,3.903784
2006_광주광역시,0.050025,11.625658499999998,2.8764705,0.018137,9.917406499999998,0.1118785,44.658699999999996,10.56504,0.0,0.0,0.0,0.0,0.0,0.0,0.0,0.0,3.5990400000000005
2006_대구광역시,0.052517,12.3053285,3.0207464999999996,0.019156,10.414419999999998,0.11954000000000001,46.994429999999994,11.0865215,0.0,0.0,0.0,0.0,0.0,0.0,0.0,0.0,3.7762960000000003
2006_대전광역시,0.022,6.439,1.278,0.0095,4.40075,0.07675,21.105,4.58275,0.0,0.0,0.0,0.0,0.0,0.0,0.0,0.0,1.556
2006_부산광역시,0.022,6.439,1.278,0.0095,4.40075,0.07675,21.105,4.58275,0.0,0.0,0.0,0.0,0.0,0.0,0.0,0.0,1.556
2006_서울특별시,0.0,0.0,0.0,0.0,0.0,0.0,0.0,0.0,0.0,0.0,0.0,0.0,0.0,0.0,0.0,0.0,0.0
2006_세종특별자치시,0.0,0.0,0.0,0.0,0.0,0.0,0.0,0.0,0.0,0.0,0.0,0.0,0.0,0.0,0.0,0.0,0.0
2006_울산광역시,0.022,6.439,1.278,0.0095,4.40075,0.07675,21.105,4.58275,0.0,0.0,0.0,0.0,0.0,0.0,0.0,0.0,1.556
2006_인천광역시,0.022,6.439,1.278,0.0095,4.40075,0.07675,21.105,4.58275,0.0,0.0,0.0,0.0,0.0,0.0,0.0,0.0,1.556
2006_전라남도,0.063373,15.4454125,3.6510165,0.023801000000000003,12.5848865,0.1566385,57.36762,13.349686000000002,0.0,0.0,0.0,0.0,0.0,0.0,0.0,0.0,4.5448640000000005
2006_전라북도,0.061265,14.8408625,3.5286824999999995,0.022905,12.1635825,0.14954250000000002,55.3591,12.909980000000001,0.0,0.0,0.0,0.0,0.0,0.0,0.0,0.0,4.39552
2006_제주도,0.022,6.439,1.278,0.0095,4.40075,0.07675,21.105,4.58275,0.0,0.0,0.0,0.0,0.0,0.0,0.0,0.0,1.556
2006_충청남도,0.06093799999999999,14.959457,3.5117849999999997,0.02301,12.104517000000001,0.15285300000000002,55.282120000000006,12.831596000000001,0.0,0.0,0.0,0.0,0.0,0.0,0.0,0.0,4.368064
2006_충청북도,0.043408999999999996,11.1427985,2.5063725,0.01695,8.637021,0.118989,39.917410000000004,9.117240500000001,0.0,0.0,0.0,0.0,0.0,0.0,0.0,0.0,3.1017520000000003
2007_강원도,0.044,12.878,2.556,0.019,8.8015,0.1535,42.21,9.1655,0.0,0.0,0.0,0.0,0.0,0.0,0.0,0.0,3.112
2007_경기도,0.044,12.878,2.556,0.019,8.8015,0.1535,42.21,9.1655,0.0,0.0,0.0,0.0,0.0,0.0,0.0,0.0,3.112
2007_경상남도,0.08041899999999999,20.9003395,4.6457955,0.031697,16.0084625,0.2257825,74.23476,16.878163,0.0,0.0,0.0,0.0,0.0,0.0,0.0,0.0,5.741072
2007_경상북도,0.071347,18.9035635,4.1252415000000004,0.028536,14.213249999999999,0.20781,66.25913,14.9568565,0.0,0.0,0.0,0.0,0.0,0.0,0.0,0.0,5.086136000000001
2007_광주광역시,0.054563,15.158979500000001,3.1616775,0.022629999999999997,10.890457000000001,0.17351299999999997,51.44787,11.404683499999999,0.0,0.0,0.0,0.0,0.0,0.0,0.0,0.0,3.8754640000000005
2007_대구광역시,0.077597,20.0557565,4.4816804999999995,0.030457,15.4434145,0.21555049999999998,71.50698,16.291214,0.0,0.0,0.0,0.0,0.0,0.0,0.0,0.0,5.541856
2007_대전광역시,0.044,12.878,2.556,0.019,8.8015,0.1535,42.21,9.1655,0.0,0.0,0.0,0.0,0.0,0.0,0.0,0.0,3.112
2007_부산광역시,0.04649,13.414216999999999,2.698761,0.019854,9.293883000000001,0.158187,44.385999999999996,9.69341,0.0,0.0,0.0,0.0,0.0,0.0,0.0,0.0,3.2920000000000003
2007_서울특별시,0.0,0.0,0.0,0.0,0.0,0.0,0.0,0.0,0.0,0.0,0.0,0.0,0.0,0.0,0.0,0.0,0.0
2007_세종특별자치시,0.0,0.0,0.0,0.0,0.0,0.0,0.0,0.0,0.0,0.0,0.0,0.0,0.0,0.0,0.0,0.0,0.0
2007_울산광역시,0.044,12.878,2.556,0.019,8.8015,0.1535,42.21,9.1655,0.0,0.0,0.0,0.0,0.0,0.0,0.0,0.0,3.112
2007_인천광역시,0.044,12.878,2.556,0.019,8.8015,0.1535,42.21,9.1655,0.0,0.0,0.0,0.0,0.0,0.0,0.0,0.0,3.112
2007_전라남도,0.049633,14.1198145,2.8792425,0.020965,9.916244500000001,0.1647005,47.16442,10.358386,0.0,0.0,0.0,0.0,0.0,0.0,0.0,0.0,3.518624
2007_전라북도,0.061155999999999995,16.656922,3.5404440000000004,0.024980999999999996,12.1964985,0.1875465,57.295790000000004,12.7987345,0.0,0.0,0.0,0.0,0.0,0.0,0.0,0.0,4.350488
2007_제주도,0.044,12.878,2.556,0.019,8.8015,0.1535,42.21,9.1655,0.0,0.0,0.0,0.0,0.0,0.0,0.0,0.0,3.112
2007_충청남도,0.047741,13.7027165,2.7706725,0.020305,9.5418265,0.16093849999999998,45.50034,9.957722,0.0,0.0,0.0,0.0,0.0,0.0,0.0,0.0,3.382048
2007_충청북도,0.044,12.878,2.556,0.019,8.8015,0.1535,42.21,9.1655,0.0,0.0,0.0,0.0,0.0,0.0,0.0,0.0,3.112
2008_강원도,0.022,6.439,1.278,0.0095,4.40075,0.07675,21.105,4.58275,0.0,0.0,0.0,0.0,0.0,0.0,0.0,0.0,1.556
2008_경기도,0.022,6.439,1.278,0.0095,4.40075,0.07675,21.105,4.58275,0.0,0.0,0.0,0.0,0.0,0.0,0.0,0.0,1.556
2008_경상남도,0.046827999999999995,10.599886,2.689872,0.016652999999999998,9.2752305,0.09885450000000001,41.49227,9.9033985,0.0,0.0,0.0,0.0,0.0,0.0,0.0,0.0,3.374744
2008_경상북도,0.053515999999999994,12.557342,3.078384,0.019541,10.6130585,0.1221865,47.90819,11.2965545,0.0,0.0,0.0,0.0,0.0,0.0,0.0,0.0,3.8477680000000003
2008_광주광역시,0.053655999999999995,12.623164,3.08676,0.019629999999999998,10.641798999999999,0.123191,48.06994,11.324527,0.0,0.0,0.0,0.0,0.0,0.0,0.0,0.0,3.857168
2008_대구광역시,0.044060999999999996,9.8055645,2.5292864999999995,0.015475999999999998,8.722196,0.089524,38.854989999999994,9.3262695,0.0,0.0,0.0,0.0,0.0,0.0,0.0,0.0,3.178728
2008_대전광역시,0.022,6.439,1.278,0.0095,4.40075,0.07675,21.105,4.58275,0.0,0.0,0.0,0.0,0.0,0.0,0.0,0.0,1.556
2008_부산광역시,0.022,6.439,1.278,0.0095,4.40075,0.07675,21.105,4.58275,0.0,0.0,0.0,0.0,0.0,0.0,0.0,0.0,1.556
2008_서울특별시,0.0,0.0,0.0,0.0,0.0,0.0,0.0,0.0,0.0,0.0,0.0,0.0,0.0,0.0,0.0,0.0,0.0
2008_세종특별자치시,0.0,0.0,0.0,0.0,0.0,0.0,0.0,0.0,0.0,0.0,0.0,0.0,0.0,0.0,0.0,0.0,0.0
2008_울산광역시,0.022,6.439,1.278,0.0095,4.40075,0.07675,21.105,4.58275,0.0,0.0,0.0,0.0,0.0,0.0,0.0,0.0,1.556
2008_인천광역시,0.022,6.439,1.278,0.0095,4.40075,0.07675,21.105,4.58275,0.0,0.0,0.0,0.0,0.0,0.0,0.0,0.0,1.556
2008_전라남도,0.062801,15.2779985,3.6177885,0.023554,12.470467,0.154643,56.818889999999996,13.230534500000001,0.0,0.0,0.0,0.0,0.0,0.0,0.0,0.0,4.504408
2008_전라북도,0.057520999999999996,13.7326385,3.3110685,0.021274,11.414286999999998,0.136223,51.75369,12.130674500000001,0.0,0.0,0.0,0.0,0.0,0.0,0.0,0.0,4.130968
2008_제주도,0.022,6.439,1.278,0.0095,4.40075,0.07675,21.105,4.58275,0.0,0.0,0.0,0.0,0.0,0.0,0.0,0.0,1.556
2008_충청남도,0.061378,15.088237,3.5373449999999997,0.0232,12.192532,0.15438800000000003,55.70422000000001,12.923251,0.0,0.0,0.0,0.0,0.0,0.0,0.0,0.0,4.399184
2008_충청북도,0.022,6.439,1.278,0.0095,4.40075,0.07675,21.105,4.58275,0.0,0.0,0.0,0.0,0.0,0.0,0.0,0.0,1.556
2009_강원도,0.050316,14.254494000000001,2.91828,0.021185,10.0509365,0.1657285,47.74759,10.5037845,0.0,0.0,0.0,0.0,0.0,0.0,0.0,0.0,3.5682480000000005
2009_경기도,0.044,12.878,2.556,0.019,8.8015,0.1535,42.21,9.1655,0.0,0.0,0.0,0.0,0.0,0.0,0.0,0.0,3.112
2009_경상남도,0.08261099999999999,21.3803955,4.771549500000001,0.032458,16.442155,0.230075,76.15919,17.3425095,0.0,0.0,0.0,0.0,0.0,0.0,0.0,0.0,5.899368000000001
2009_경상북도,0.07212099999999999,19.0741945,4.1696565,0.028806,14.366420999999999,0.209349,66.93989,15.1207645,0.0,0.0,0.0,0.0,0.0,0.0,0.0,0.0,5.142008000000001
2009_광주광역시,0.07089599999999999,17.780808,4.089341999999999,0.027202999999999998,14.0936975,0.18565750000000003,64.73209,14.9103795,0.0,0.0,0.0,0.0,0.0,0.0,0.0,0.0,5.074248
2009_대구광역시,0.079648,20.603248,4.600308,0.031282,15.852121,0.221609,73.41622,16.720981,0.0,0.0,0.0,0.0,0.0,0.0,0.0,0.0,5.687984
2009_대전광역시,0.052027,14.1931195,3.0121694999999997,0.021278,10.376549,0.160021,48.768029999999996,10.887131499999999,0.0,0.0,0.0,0.0,0.0,0.0,0.0,0.0,3.700616
2009_부산광역시,0.044,12.878,2.556,0.019,8.8015,0.1535,42.21,9.1655,0.0,0.0,0.0,0.0,0.0,0.0,0.0,0.0,3.112
2009_서울특별시,0.0,0.0,0.0,0.0,0.0,0.0,0.0,0.0,0.0,0.0,0.0,0.0,0.0,0.0,0.0,0.0,0.0
2009_세종특별자치시,0.0,0.0,0.0,0.0,0.0,0.0,0.0,0.0,0.0,0.0,0.0,0.0,0.0,0.0,0.0,0.0,0.0
2009_울산광역시,0.044,12.878,2.556,0.019,8.8015,0.1535,42.21,9.1655,0.0,0.0,0.0,0.0,0.0,0.0,0.0,0.0,3.112
2009_인천광역시,0.044,12.878,2.556,0.019,8.8015,0.1535,42.21,9.1655,0.0,0.0,0.0,0.0,0.0,0.0,0.0,0.0,3.112
2009_전라남도,0.051009,14.4231585,2.9582025,0.021445,10.188548500000001,0.1674365,48.37466,10.649778,0.0,0.0,0.0,0.0,0.0,0.0,0.0,0.0,3.6179520000000003
2009_전라북도,0.06730499999999999,18.0124905,3.8932965,0.027125999999999997,13.413357000000001,0.199773,62.70405000000001,14.1008925,0.0,0.0,0.0,0.0,0.0,0.0,0.0,0.0,4.79436
2009_제주도,0.044,12.878,2.556,0.019,8.8015,0.1535,42.21,9.1655,0.0,0.0,0.0,0.0,0.0,0.0,0.0,0.0,3.112
2009_충청남도,0.05238399999999999,14.723104,3.0370740000000005,0.021920999999999996,10.4605605,0.1701045,49.580510000000004,10.9411105,0.0,0.0,0.0,0.0,0.0,0.0,0.0,0.0,3.7172720000000004
2009_충청북도,0.044,12.878,2.556,0.019,8.8015,0.1535,42.21,9.1655,0.0,0.0,0.0,0.0,0.0,0.0,0.0,0.0,3.112
2010_강원도,0.05968999999999999,14.544497,3.4388009999999998,0.022413999999999996,11.853403,0.14746700000000001,54.029999999999994,12.57401,0.0,0.0,0.0,0.0,0.0,0.0,0.0,0.0,4.2808
2010_경기도,0.022,6.439,1.278,0.0095,4.40075,0.07675,21.105,4.58275,0.0,0.0,0.0,0.0,0.0,0.0,0.0,0.0,1.556
2010_경상남도,0.045551999999999995,10.226424,2.615748,0.016101999999999998,9.019986999999999,0.094403,40.26818,9.637599,0.0,0.0,0.0,0.0,0.0,0.0,0.0,0.0,3.2844960000000003
2010_경상북도,0.05312,12.44144,3.05538,0.01937,10.533845,0.12080500000000001,47.5283,11.214065,0.0,0.0,0.0,0.0,0.0,0.0,0.0,0.0,3.81976
2010_광주광역시,0.05987999999999999,14.506931999999999,3.4489259999999997,0.022389,11.8886505,0.1461945,54.10935,12.6180525,0.0,0.0,0.0,0.0,0.0,0.0,0.0,0.0,4.29612
2010_대구광역시,0.046127999999999995,10.407432,2.64933,0.016365,9.135574499999999,0.0966705,40.83447,9.7569885,0.0,0.0,0.0,0.0,0.0,0.0,0.0,0.0,3.324984
2010_대전광역시,0.022,6.439,1.278,0.0095,4.40075,0.07675,21.105,4.58275,0.0,0.0,0.0,0.0,0.0,0.0,0.0,0.0,1.556
2010_부산광역시,0.022,6.439,1.278,0.0095,4.40075,0.07675,21.105,4.58275,0.0,0.0,0.0,0.0,0.0,0.0,0.0,0.0,1.556
2010_서울특별시,0.0,0.0,0.0,0.0,0.0,0.0,0.0,0.0,0.0,0.0,0.0,0.0,0.0,0.0,0.0,0.0,0.0
2010_세종특별자치시,0.0,0.0,0.0,0.0,0.0,0.0,0.0,0.0,0.0,0.0,0.0,0.0,0.0,0.0,0.0,0.0,0.0
2010_울산광역시,0.022,6.439,1.278,0.0095,4.40075,0.07675,21.105,4.58275,0.0,0.0,0.0,0.0,0.0,0.0,0.0,0.0,1.556
2010_인천광역시,0.022,6.439,1.278,0.0095,4.40075,0.07675,21.105,4.58275,0.0,0.0,0.0,0.0,0.0,0.0,0.0,0.0,1.556
2010_전라남도,0.062888,15.300356,3.6228119999999997,0.023587999999999998,12.487777999999999,0.15488200000000002,56.898920000000004,13.248806,0.0,0.0,0.0,0.0,0.0,0.0,0.0,0.0,4.510624
2010_전라북도,0.057608999999999994,13.758394500000001,3.3161804999999998,0.021312,11.43189,0.13653,51.83811,12.149005500000001,0.0,0.0,0.0,0.0,0.0,0.0,0.0,0.0,4.137192000000001
2010_제주도,0.022,6.439,1.278,0.0095,4.40075,0.07675,21.105,4.58275,0.0,0.0,0.0,0.0,0.0,0.0,0.0,0.0,1.556
2010_충청남도,0.062829,15.373156499999999,3.6202664999999996,0.023666,12.478642999999998,0.156547,56.94181,13.232200499999998,0.0,0.0,0.0,0.0,0.0,0.0,0.0,0.0,4.504632
2010_충청북도,0.022,6.439,1.278,0.0095,4.40075,0.07675,21.105,4.58275,0.0,0.0,0.0,0.0,0.0,0.0,0.0,0.0,1.556
2011_강원도,0.049539999999999994,14.077065999999999,2.8736880000000005,0.020907,9.8971815,0.1640535,47.05805,10.339757500000001,0.0,0.0,0.0,0.0,0.0,0.0,0.0,0.0,3.51236
2011_경기도,0.044,12.878,2.556,0.019,8.8015,0.1535,42.21,9.1655,0.0,0.0,0.0,0.0,0.0,0.0,0.0,0.0,3.112
2011_경상남도,0.083558,21.592343,4.8259229999999995,0.032792,16.629656,0.232024,76.99562,17.542901,0.0,0.0,0.0,0.0,0.0,0.0,0.0,0.0,5.967664000000001
2011_경상북도,0.072465,19.1500305,4.1893965,0.028926,14.434497,0.210033,67.24245,15.1936125,0.0,0.0,0.0,0.0,0.0,0.0,0.0,0.0,5.1668400000000005
2011_광주광역시,0.069103,18.3834415,3.9962235,0.027724,13.768419999999999,0.20282,64.25737,14.4828685,0.0,0.0,0.0,0.0,0.0,0.0,0.0,0.0,4.924664
2011_대구광역시,0.079512,20.55102,4.592286,0.031208999999999997,15.8245485,0.22087649999999998,73.27203,16.6932465,0.0,0.0,0.0,0.0,0.0,0.0,0.0,0.0,5.678616
2011_대전광역시,0.044,12.878,2.556,0.019,8.8015,0.1535,42.21,9.1655,0.0,0.0,0.0,0.0,0.0,0.0,0.0,0.0,3.112
2011_부산광역시,0.044,12.878,2.556,0.019,8.8015,0.1535,42.21,9.1655,0.0,0.0,0.0,0.0,0.0,0.0,0.0,0.0,3.112
2011_서울특별시,0.0,0.0,0.0,0.0,0.0,0.0,0.0,0.0,0.0,0.0,0.0,0.0,0.0,0.0,0.0,0.0,0.0
2011_세종특별자치시,0.0,0.0,0.0,0.0,0.0,0.0,0.0,0.0,0.0,0.0,0.0,0.0,0.0,0.0,0.0,0.0,0.0
2011_울산광역시,0.044773999999999994,13.048631,2.600415,0.01927,8.954671000000001,0.155039,42.89076,9.329407999999999,0.0,0.0,0.0,0.0,0.0,0.0,0.0,0.0,3.167872
2011_인천광역시,0.044,12.878,2.556,0.019,8.8015,0.1535,42.21,9.1655,0.0,0.0,0.0,0.0,0.0,0.0,0.0,0.0,3.112
2011_전라남도,0.051309999999999995,14.489515,2.975475,0.02155,10.248115,0.168035,48.6394,10.713519999999999,0.0,0.0,0.0,0.0,0.0,0.0,0.0,0.0,3.6396800000000002
2011_전라북도,0.06343499999999999,17.159335499999997,3.6712215,0.025775999999999997,12.647502,0.192078,59.300250000000005,13.2813525,0.0,0.0,0.0,0.0,0.0,0.0,0.0,0.0,4.515000000000001
2011_제주도,0.044,12.878,2.556,0.019,8.8015,0.1535,42.21,9.1655,0.0,0.0,0.0,0.0,0.0,0.0,0.0,0.0,3.112
2011_충청남도,0.047869999999999996,13.731155,2.778075,0.02035,9.567355000000001,0.161195,45.6138,9.98504,0.0,0.0,0.0,0.0,0.0,0.0,0.0,0.0,3.39136
2011_충청북도,0.044,12.878,2.556,0.019,8.8015,0.1535,42.21,9.1655,0.0,0.0,0.0,0.0,0.0,0.0,0.0,0.0,3.112
2012_강원도,0.05762099999999999,13.9358325,3.3185805,0.021516999999999998,11.439440499999998,0.1401845,52.041740000000004,12.143172,0.0,0.0,0.0,0.0,0.0,0.0,0.0,0.0,4.1345279999999995
2012_경기도,0.022,6.439,1.278,0.0095,4.40075,0.07675,21.105,4.58275,0.0,0.0,0.0,0.0,0.0,0.0,0.0,0.0,1.556
2012_경상남도,0.046695999999999994,10.561252,2.6822039999999996,0.016596,9.248826,0.09839400000000001,41.36564,9.875902,0.0,0.0,0.0,0.0,0.0,0.0,0.0,0.0,3.365408
2012_경상북도,0.05488,12.95656,3.1576199999999996,0.02013,10.885905,0.126945,49.2167,11.580684999999999,0.0,0.0,0.0,0.0,0.0,0.0,0.0,0.0,3.94424
2012_광주광역시,0.059783,14.4505895,3.4430175,0.022314999999999998,11.868419499999998,0.1452755,53.98542,12.599186,0.0,0.0,0.0,0.0,0.0,0.0,0.0,0.0,4.289824
2012_대구광역시,0.04538,10.188506,2.605878,0.016042,8.985948999999998,0.094061,40.1169,9.601175,0.0,0.0,0.0,0.0,0.0,0.0,0.0,0.0,3.2720800000000003
2012_대전광역시,0.022,6.439,1.278,0.0095,4.40075,0.07675,21.105,4.58275,0.0,0.0,0.0,0.0,0.0,0.0,0.0,0.0,1.556
2012_부산광역시,0.044296999999999996,11.2908905,2.5568625000000003,0.017204999999999998,8.8113405,0.1197645,40.64578,9.307573999999999,0.0,0.0,0.0,0.0,0.0,0.0,0.0,0.0,3.166816
2012_서울특별시,0.0,0.0,0.0,0.0,0.0,0.0,0.0,0.0,0.0,0.0,0.0,0.0,0.0,0.0,0.0,0.0,0.0
2012_세종특별자치시,0.0,0.0,0.0,0.0,0.0,0.0,0.0,0.0,0.0,0.0,0.0,0.0,0.0,0.0,0.0,0.0,0.0
2012_울산광역시,0.022,6.439,1.278,0.0095,4.40075,0.07675,21.105,4.58275,0.0,0.0,0.0,0.0,0.0,0.0,0.0,0.0,1.556
2012_인천광역시,0.022,6.439,1.278,0.0095,4.40075,0.07675,21.105,4.58275,0.0,0.0,0.0,0.0,0.0,0.0,0.0,0.0,1.556
2012_전라남도,0.06301999999999999,15.338989999999999,3.63048,0.023645,12.5141825,0.1553425,57.02555,13.2763025,0.0,0.0,0.0,0.0,0.0,0.0,0.0,0.0,4.51996
2012_전라북도,0.057388999999999996,13.694004500000002,3.3034005,0.021217,11.3878825,0.1357625,51.62706,12.103178,0.0,0.0,0.0,0.0,0.0,0.0,0.0,0.0,4.121632
2012_제주도,0.022,6.439,1.278,0.0095,4.40075,0.07675,21.105,4.58275,0.0,0.0,0.0,0.0,0.0,0.0,0.0,0.0,1.556
2012_충청남도,0.063303,15.4808295,3.6474974999999996,0.023835,12.572539499999998,0.15755550000000001,57.36221999999999,13.332425999999998,0.0,0.0,0.0,0.0,0.0,0.0,0.0,0.0,4.538784
2012_충청북도,0.022,6.439,1.278,0.0095,4.40075,0.07675,21.105,4.58275,0.0,0.0,0.0,0.0,0.0,0.0,0.0,0.0,1.556
2013_강원도,0.046234,13.364137000000001,2.684133,0.019771999999999998,9.24341,0.15781,44.16786,9.638893,0.0,0.0,0.0,0.0,0.0,0.0,0.0,0.0,3.2733920000000003
2013_경기도,0.045418999999999994,13.1908235,2.6374275000000003,0.019495,9.082313500000001,0.1563215,43.45806,9.465997999999999,0.0,0.0,0.0,0.0,0.0,0.0,0.0,0.0,3.214432
2013_경상남도,0.083729,21.6268625,4.8357045,0.032848,16.663402,0.232298,77.14251,17.579265499999998,0.0,0.0,0.0,0.0,0.0,0.0,0.0,0.0,5.980072000000001
2013_경상북도,0.068853,18.3537525,3.9821265,0.027665999999999996,13.719698999999999,0.202851,64.06557000000001,14.428708499999999,0.0,0.0,0.0,0.0,0.0,0.0,0.0,0.0,4.906104
2013_광주광역시,0.048341,13.828632500000001,2.8050405,0.020507,9.6603755,0.1619995,46.02104,10.085087,0.0,0.0,0.0,0.0,0.0,0.0,0.0,0.0,3.425488
2013_대구광역시,0.07824199999999999,20.061293,4.517355,0.030525,15.5670105,0.21399450000000003,71.92333,16.4343515,0.0,0.0,0.0,0.0,0.0,0.0,0.0,0.0,5.591176
2013_대전광역시,0.044,12.878,2.556,0.019,8.8015,0.1535,42.21,9.1655,0.0,0.0,0.0,0.0,0.0,0.0,0.0,0.0,3.112
2013_부산광역시,0.044,12.878,2.556,0.019,8.8015,0.1535,42.21,9.1655,0.0,0.0,0.0,0.0,0.0,0.0,0.0,0.0,3.112
2013_서울특별시,0.0,0.0,0.0,0.0,0.0,0.0,0.0,0.0,0.0,0.0,0.0,0.0,0.0,0.0,0.0,0.0,0.0
2013_세종특별자치시,0.0,0.0,0.0,0.0,0.0,0.0,0.0,0.0,0.0,0.0,0.0,0.0,0.0,0.0,0.0,0.0,0.0
2013_울산광역시,0.044,12.878,2.556,0.019,8.8015,0.1535,42.21,9.1655,0.0,0.0,0.0,0.0,0.0,0.0,0.0,0.0,3.112
2013_인천광역시,0.044,12.878,2.556,0.019,8.8015,0.1535,42.21,9.1655,0.0,0.0,0.0,0.0,0.0,0.0,0.0,0.0,3.112
2013_전라남도,0.049504,14.091376,2.87184,0.02092,9.890716000000001,0.164444,47.05096,10.331068,0.0,0.0,0.0,0.0,0.0,0.0,0.0,0.0,3.509312
2013_전라북도,0.062317,16.9128685,3.6070665,0.025386,12.426255,0.189855,58.31693,13.044596499999999,0.0,0.0,0.0,0.0,0.0,0.0,0.0,0.0,4.434296
2013_제주도,0.044,12.878,2.556,0.019,8.8015,0.1535,42.21,9.1655,0.0,0.0,0.0,0.0,0.0,0.0,0.0,0.0,3.112
2013_충청남도,0.046106999999999995,13.3424955,2.6769075,0.019735,9.2184655,0.1576895,44.06318,9.611694,0.0,0.0,0.0,0.0,0.0,0.0,0.0,0.0,3.2640960000000003
2013_충청북도,0.044,12.878,2.556,0.019,8.8015,0.1535,42.21,9.1655,0.0,0.0,0.0,0.0,0.0,0.0,0.0,0.0,3.112
2014_강원도,0.05577599999999999,13.268496,3.2101559999999996,0.020574,11.066606999999998,0.131103,50.13114,11.764947,0.0,0.0,0.0,0.0,0.0,0.0,0.0,0.0,4.006608
2014_경기도,0.05961699999999999,14.706374499999999,3.4363544999999998,0.022593000000000002,11.8442265,0.1510185,54.16238,12.550023999999999,0.0,0.0,0.0,0.0,0.0,0.0,0.0,0.0,4.271936
2014_경상남도,0.046431999999999994,10.483984,2.666868,0.016482,9.196017,0.097473,41.11238,9.820909,0.0,0.0,0.0,0.0,0.0,0.0,0.0,0.0,3.346736
2014_경상북도,0.05422,12.76339,3.11928,0.019845,10.7538825,0.1246425,48.58355,11.4432025,0.0,0.0,0.0,0.0,0.0,0.0,0.0,0.0,3.8975600000000004
2014_광주광역시,0.05939,14.344883,3.420279,0.022156,11.790082,0.144098,53.618700000000004,12.516875,0.0,0.0,0.0,0.0,0.0,0.0,0.0,0.0,4.26184
2014_대구광역시,0.046216,10.433188000000001,2.654442,0.016403,9.153177499999998,0.09697750000000001,40.91889,9.7753195,0.0,0.0,0.0,0.0,0.0,0.0,0.0,0.0,3.331208
2014_대전광역시,0.022,6.439,1.278,0.0095,4.40075,0.07675,21.105,4.58275,0.0,0.0,0.0,0.0,0.0,0.0,0.0,0.0,1.556
2014_부산광역시,0.022,6.439,1.278,0.0095,4.40075,0.07675,21.105,4.58275,0.0,0.0,0.0,0.0,0.0,0.0,0.0,0.0,1.556
2014_서울특별시,0.0,0.0,0.0,0.0,0.0,0.0,0.0,0.0,0.0,0.0,0.0,0.0,0.0,0.0,0.0,0.0,0.0
2014_세종특별자치시,0.0,0.0,0.0,0.0,0.0,0.0,0.0,0.0,0.0,0.0,0.0,0.0,0.0,0.0,0.0,0.0,0.0
2014_울산광역시,0.059505,14.599054500000001,3.4291185000000004,0.022459,11.819615500000001,0.1490795,53.9726,12.530265,0.0,0.0,0.0,0.0,0.0,0.0,0.0,0.0,4.26552
2014_인천광역시,0.022,6.439,1.278,0.0095,4.40075,0.07675,21.105,4.58275,0.0,0.0,0.0,0.0,0.0,0.0,0.0,0.0,1.556
2014_전라남도,0.062844,15.287478,3.620256,0.023569,12.4789765,0.1547285,56.85671,13.2396405,0.0,0.0,0.0,0.0,0.0,0.0,0.0,0.0,4.507512
2014_전라북도,0.057520999999999996,13.7326385,3.3110685,0.021274,11.414286999999998,0.136223,51.75369,12.130674500000001,0.0,0.0,0.0,0.0,0.0,0.0,0.0,0.0,4.130968
2014_제주도,0.022,6.439,1.278,0.0095,4.40075,0.07675,21.105,4.58275,0.0,0.0,0.0,0.0,0.0,0.0,0.0,0.0,1.556
2014_충청남도,0.06285099999999999,15.3112675,3.6208755000000004,0.023597,12.4810205,0.15520450000000002,56.88744,13.240057,0.0,0.0,0.0,0.0,0.0,0.0,0.0,0.0,4.507568
2014_충청북도,0.06029699999999999,14.6942025,3.4737885,0.022643999999999997,11.973996,0.14900400000000003,54.58143,12.701791499999999,0.0,0.0,0.0,0.0,0.0,0.0,0.0,0.0,4.324296
2015_강원도,0.044,12.878,2.556,0.019,8.8015,0.1535,42.21,9.1655,0.0,0.0,0.0,0.0,0.0,0.0,0.0,0.0,3.112
2015_경기도,0.044,12.878,2.556,0.019,8.8015,0.1535,42.21,9.1655,0.0,0.0,0.0,0.0,0.0,0.0,0.0,0.0,3.112
2015_경상남도,0.08338499999999999,21.5510265,4.8159645,0.032728,16.595326,0.231614,76.83995,17.506417499999998,0.0,0.0,0.0,0.0,0.0,0.0,0.0,0.0,5.95524
2015_경상북도,0.07268,19.197428,4.201734,0.029001,14.4770445,0.2104605,67.43155,15.2391425,0.0,0.0,0.0,0.0,0.0,0.0,0.0,0.0,5.182360000000001
2015_광주광역시,0.06127899999999999,16.664969499999998,3.5473155,0.025001999999999996,12.220274999999999,0.18739499999999998,57.382909999999995,12.8256955,0.0,0.0,0.0,0.0,0.0,0.0,0.0,0.0,4.359752
2015_대구광역시,0.07433199999999998,18.798886,4.289064,0.028700999999999997,14.7813825,0.19790249999999998,68.04203000000001,15.6255265,0.0,0.0,0.0,0.0,0.0,0.0,0.0,0.0,5.317016
2015_대전광역시,0.044,12.878,2.556,0.019,8.8015,0.1535,42.21,9.1655,0.0,0.0,0.0,0.0,0.0,0.0,0.0,0.0,3.112
2015_부산광역시,0.04636099999999999,13.385778499999999,2.6913585,0.019809,9.268354500000001,0.1579305,44.27254,9.666092,0.0,0.0,0.0,0.0,0.0,0.0,0.0,0.0,3.2826880000000003
2015_서울특별시,0.0,0.0,0.0,0.0,0.0,0.0,0.0,0.0,0.0,0.0,0.0,0.0,0.0,0.0,0.0,0.0,0.0
2015_세종특별자치시,0.0,0.0,0.0,0.0,0.0,0.0,0.0,0.0,0.0,0.0,0.0,0.0,0.0,0.0,0.0,0.0,0.0
2015_울산광역시,0.044,12.878,2.556,0.019,8.8015,0.1535,42.21,9.1655,0.0,0.0,0.0,0.0,0.0,0.0,0.0,0.0,3.112
2015_인천광역시,0.044,12.878,2.556,0.019,8.8015,0.1535,42.21,9.1655,0.0,0.0,0.0,0.0,0.0,0.0,0.0,0.0,3.112
2015_전라남도,0.049504,14.091376,2.87184,0.02092,9.890716000000001,0.164444,47.05096,10.331068,0.0,0.0,0.0,0.0,0.0,0.0,0.0,0.0,3.509312
2015_전라북도,0.06554199999999999,17.623831,3.792129,0.026510999999999996,13.0644675,0.19626749999999998,61.15343,13.727546499999999,0.0,0.0,0.0,0.0,0.0,0.0,0.0,0.0,4.667096000000001
2015_제주도,0.044,12.878,2.556,0.019,8.8015,0.1535,42.21,9.1655,0.0,0.0,0.0,0.0,0.0,0.0,0.0,0.0,3.112
2015_충청남도,0.045806,13.276139,2.659635,0.019629999999999998,9.158899,0.157091,43.79844,9.547952,0.0,0.0,0.0,0.0,0.0,0.0,0.0,0.0,3.242368
2015_충청북도,0.044731,13.039151500000001,2.5979475,0.019255,8.9461615,0.1549535,42.852940000000004,9.320302,0.0,0.0,0.0,0.0,0.0,0.0,0.0,0.0,3.164768
2016_강원도,0.022,6.439,1.278,0.0095,4.40075,0.07675,21.105,4.58275,0.0,0.0,0.0,0.0,0.0,0.0,0.0,0.0,1.556
2016_경기도,0.061926999999999996,15.1774855,3.5685374999999997,0.023355,12.3002355,0.1548195,56.151979999999995,13.041034,0.0,0.0,0.0,0.0,0.0,0.0,0.0,0.0,4.439456
2016_경상남도,0.048895999999999995,11.205152,2.8100039999999997,0.017546,9.688901,0.10606900000000001,43.47614,10.334177,0.0,0.0,0.0,0.0,0.0,0.0,0.0,0.0,3.521008
2016_경상북도,0.05822499999999999,13.9386865,3.3519645,0.021578,11.555110999999998,0.138679,52.42905,12.2773225,0.0,0.0,0.0,0.0,0.0,0.0,0.0,0.0,4.18076
2016_광주광역시,0.05371599999999999,13.373698,3.097422,0.020498,10.675505,0.138625,48.93714,11.301907,0.0,0.0,0.0,0.0,0.0,0.0,0.0,0.0,3.8466080000000002
2016_대구광역시,0.04920499999999999,11.2986965,2.8279845,0.017683,9.750803499999998,0.1072115,43.775999999999996,10.398395,0.0,0.0,0.0,0.0,0.0,0.0,0.0,0.0,3.5428
2016_대전광역시,0.022,6.439,1.278,0.0095,4.40075,0.07675,21.105,4.58275,0.0,0.0,0.0,0.0,0.0,0.0,0.0,0.0,1.556
2016_부산광역시,0.022,6.439,1.278,0.0095,4.40075,0.07675,21.105,4.58275,0.0,0.0,0.0,0.0,0.0,0.0,0.0,0.0,1.556
2016_서울특별시,0.0,0.0,0.0,0.0,0.0,0.0,0.0,0.0,0.0,0.0,0.0,0.0,0.0,0.0,0.0,0.0,0.0
2016_세종특별자치시,0.022,6.439,1.278,0.0095,4.40075,0.07675,21.105,4.58275,0.0,0.0,0.0,0.0,0.0,0.0,0.0,0.0,1.556
2016_울산광역시,0.022,6.439,1.278,0.0095,4.40075,0.07675,21.105,4.58275,0.0,0.0,0.0,0.0,0.0,0.0,0.0,0.0,1.556
2016_인천광역시,0.054185,13.464378499999999,3.1242105,0.020647,10.7679415,0.13929350000000001,49.3356,11.401834999999998,0.0,0.0,0.0,0.0,0.0,0.0,0.0,0.0,3.88072
2016_전라남도,0.063329,15.432534500000001,3.6484605,0.023782,12.576084999999999,0.156485,57.32541,13.3405205,0.0,0.0,0.0,0.0,0.0,0.0,0.0,0.0,4.541752000000001
2016_전라북도,0.06262899999999999,15.2400805,3.6079185,0.023494,12.436429,0.15430100000000002,56.667609999999996,13.1941105,0.0,0.0,0.0,0.0,0.0,0.0,0.0,0.0,4.491992
2016_제주도,0.022,6.439,1.278,0.0095,4.40075,0.07675,21.105,4.58275,0.0,0.0,0.0,0.0,0.0,0.0,0.0,0.0,1.556
2016_충청남도,0.06296099999999999,15.411790499999999,3.6279345,0.023723,12.5050475,0.15700750000000002,57.068439999999995,13.259697,0.0,0.0,0.0,0.0,0.0,0.0,0.0,0.0,4.513968
2016_충청북도,0.022,6.439,1.278,0.0095,4.40075,0.07675,21.105,4.58275,0.0,0.0,0.0,0.0,0.0,0.0,0.0,0.0,1.556
2017_강원도,0.044,12.878,2.556,0.019,8.8015,0.1535,42.21,9.1655,0.0,0.0,0.0,0.0,0.0,0.0,0.0,0.0,3.112
2017_경기도,0.047224999999999996,13.588962500000001,2.7410625,0.020125,9.4397125,0.15991249999999999,45.0465,9.84845,0.0,0.0,0.0,0.0,0.0,0.0,0.0,0.0,3.3448
2017_경상남도,0.080678,20.960614999999997,4.660689,0.031791,16.0598115,0.2263635,74.46607,16.9328585,0.0,0.0,0.0,0.0,0.0,0.0,0.0,0.0,5.759704
2017_경상북도,0.06631599999999999,17.794462,3.836544,0.026781,13.2176385,0.1978065,61.83419000000001,13.8914545,0.0,0.0,0.0,0.0,0.0,0.0,0.0,0.0,4.722968000000001
2017_광주광역시,0.044,12.878,2.556,0.019,8.8015,0.1535,42.21,9.1655,0.0,0.0,0.0,0.0,0.0,0.0,0.0,0.0,3.112
2017_대구광역시,0.07885299999999999,20.4979045,4.5553725,0.031084999999999995,15.6968645,0.22148050000000002,72.79422,16.549276,0.0,0.0,0.0,0.0,0.0,0.0,0.0,0.0,5.629184
2017_대전광역시,0.044,12.878,2.556,0.019,8.8015,0.1535,42.21,9.1655,0.0,0.0,0.0,0.0,0.0,0.0,0.0,0.0,3.112
2017_부산광역시,0.044,12.878,2.556,0.019,8.8015,0.1535,42.21,9.1655,0.0,0.0,0.0,0.0,0.0,0.0,0.0,0.0,3.112
2017_서울특별시,0.0,0.0,0.0,0.0,0.0,0.0,0.0,0.0,0.0,0.0,0.0,0.0,0.0,0.0,0.0,0.0,0.0
2017_세종특별자치시,0.044,12.878,2.556,0.019,8.8015,0.1535,42.21,9.1655,0.0,0.0,0.0,0.0,0.0,0.0,0.0,0.0,3.112
2017_울산광역시,0.044,12.878,2.556,0.019,8.8015,0.1535,42.21,9.1655,0.0,0.0,0.0,0.0,0.0,0.0,0.0,0.0,3.112
2017_인천광역시,0.045288999999999996,13.1589865,2.6299365000000003,0.019445999999999998,9.056493,0.155997,43.340210000000006,9.438620499999999,0.0,0.0,0.0,0.0,0.0,0.0,0.0,0.0,3.205112
2017_전라남도,0.048902,13.958663,2.837295,0.02071,9.771583000000001,0.163247,46.521480000000004,10.203584,0.0,0.0,0.0,0.0,0.0,0.0,0.0,0.0,3.465856
2017_전라북도,0.052471,14.745461500000001,3.0420975,0.021955,10.477871500000001,0.1703435,49.66054,10.959382,0.0,0.0,0.0,0.0,0.0,0.0,0.0,0.0,3.723488
2017_제주도,0.044,12.878,2.556,0.019,8.8015,0.1535,42.21,9.1655,0.0,0.0,0.0,0.0,0.0,0.0,0.0,0.0,3.112
2017_충청남도,0.047396999999999995,13.6268805,2.7509325000000002,0.020184999999999998,9.473750500000001,0.1602545,45.19778,9.884874,0.0,0.0,0.0,0.0,0.0,0.0,0.0,0.0,3.357216
2017_충청북도,0.044,12.878,2.556,0.019,8.8015,0.1535,42.21,9.1655,0.0,0.0,0.0,0.0,0.0,0.0,0.0,0.0,3.112
2018_강원도,0.04380099999999999,11.2451065,2.5290225,0.017105,8.715066499999999,0.1200985,40.279740000000004,9.199492,0.0,0.0,0.0,0.0,0.0,0.0,0.0,0.0,3.129728
2018_경기도,0.062855,15.324861499999999,3.6212295,0.023613,12.4821885,0.15547650000000002,56.905,13.240295,0.0,0.0,0.0,0.0,0.0,0.0,0.0,0.0,4.5076
2018_경상남도,0.048324,11.037738,2.776776,0.017299,9.5744815,0.10407350000000001,42.92741,10.2150255,0.0,0.0,0.0,0.0,0.0,0.0,0.0,0.0,3.4805520000000003
2018_경상북도,0.05580399999999999,13.226998,3.211296,0.020529,11.070736499999999,0.1301685,50.10311,11.7731605,0.0,0.0,0.0,0.0,0.0,0.0,0.0,0.0,4.009592
2018_광주광역시,0.05054,12.692606000000001,2.915358,0.019412,10.047554000000002,0.13270600000000002,46.1648,10.62842,0.0,0.0,0.0,0.0,0.0,0.0,0.0,0.0,3.61696
2018_대구광역시,0.04542199999999999,10.194586999999999,2.6082569999999996,0.016052999999999998,8.9941665,0.09407850000000001,40.15033,9.6102215,0.0,0.0,0.0,0.0,0.0,0.0,0.0,0.0,3.275176
2018_대전광역시,0.022,6.439,1.278,0.0095,4.40075,0.07675,21.105,4.58275,0.0,0.0,0.0,0.0,0.0,0.0,0.0,0.0,1.556
2018_부산광역시,0.055076999999999994,13.0794405,3.1697025,0.02029,10.927242999999999,0.128987,49.477729999999994,11.618596499999999,0.0,0.0,0.0,0.0,0.0,0.0,0.0,0.0,3.956856
2018_서울특별시,0.0,0.0,0.0,0.0,0.0,0.0,0.0,0.0,0.0,0.0,0.0,0.0,0.0,0.0,0.0,0.0,0.0
2018_세종특별자치시,0.022,6.439,1.278,0.0095,4.40075,0.07675,21.105,4.58275,0.0,0.0,0.0,0.0,0.0,0.0,0.0,0.0,1.556
2018_울산광역시,0.060405,14.651272500000001,3.4793325,0.022605,11.9933925,0.1478325,54.6027,12.72786,0.0,0.0,0.0,0.0,0.0,0.0,0.0,0.0,4.33344
2018_인천광역시,0.043536,11.164439999999999,2.513598,0.016987000000000002,8.6619655,0.11910950000000001,40.02209,9.1444395,0.0,0.0,0.0,0.0,0.0,0.0,0.0,0.0,3.1110480000000003
2018_전라남도,0.063108,15.364746,3.635592,0.023683,12.5317855,0.1556495,57.109970000000004,13.2946335,0.0,0.0,0.0,0.0,0.0,0.0,0.0,0.0,4.526184000000001
2018_전라북도,0.062053,15.0590725,3.5743365000000002,0.023231,12.320841499999998,0.1520335,56.10132,13.074721,0.0,0.0,0.0,0.0,0.0,0.0,0.0,0.0,4.451504
2018_제주도,0.022,6.439,1.278,0.0095,4.40075,0.07675,21.105,4.58275,0.0,0.0,0.0,0.0,0.0,0.0,0.0,0.0,1.556
2018_충청남도,0.063466,15.488161,3.6565709999999996,0.023858999999999998,12.603949499999999,0.15728550000000002,57.47399,13.3683145,0.0,0.0,0.0,0.0,0.0,0.0,0.0,0.0,4.551128
2018_충청북도,0.022,6.439,1.278,0.0095,4.40075,0.07675,21.105,4.58275,0.0,0.0,0.0,0.0,0.0,0.0,0.0,0.0,1.556
2019_강원도,0.045246999999999996,13.1529055,2.6275575,0.019435,9.0482755,0.1559795,43.30678,9.429574,0.0,0.0,0.0,0.0,0.0,0.0,0.0,0.0,3.202016
2019_경기도,0.045118,13.124467,2.620155,0.01939,9.022747,0.155723,43.19332,9.402256,0.0,0.0,0.0,0.0,0.0,0.0,0.0,0.0,3.192704
2019_경상남도,0.081065,21.045930499999997,4.6828965,0.031925999999999996,16.136397,0.227133,74.80645000000001,17.014812499999998,0.0,0.0,0.0,0.0,0.0,0.0,0.0,0.0,5.787640000000001
2019_경상북도,0.067865,18.1391225,3.9254625,0.027325000000000002,13.5242725,0.2009525,63.200100000000006,14.21933,0.0,0.0,0.0,0.0,0.0,0.0,0.0,0.0,4.834720000000001
2019_광주광역시,0.044,12.878,2.556,0.019,8.8015,0.1535,42.21,9.1655,0.0,0.0,0.0,0.0,0.0,0.0,0.0,0.0,3.112
2019_대구광역시,0.07997199999999999,20.74777,4.619616000000001,0.031479,15.9184035,0.22377149999999998,73.78192999999999,16.786091499999998,0.0,0.0,0.0,0.0,0.0,0.0,0.0,0.0,5.7098960000000005
2019_대전광역시,0.044,12.878,2.556,0.019,8.8015,0.1535,42.21,9.1655,0.0,0.0,0.0,0.0,0.0,0.0,0.0,0.0,3.112
2019_부산광역시,0.044,12.878,2.556,0.019,8.8015,0.1535,42.21,9.1655,0.0,0.0,0.0,0.0,0.0,0.0,0.0,0.0,3.112
2019_서울특별시,0.0,0.0,0.0,0.0,0.0,0.0,0.0,0.0,0.0,0.0,0.0,0.0,0.0,0.0,0.0,0.0,0.0
2019_세종특별자치시,0.044,12.878,2.556,0.019,8.8015,0.1535,42.21,9.1655,0.0,0.0,0.0,0.0,0.0,0.0,0.0,0.0,3.112
2019_울산광역시,0.04804,13.762276,2.787768,0.020402,9.600809000000002,0.161401,45.756299999999996,10.021345,0.0,0.0,0.0,0.0,0.0,0.0,0.0,0.0,3.40376
2019_인천광역시,0.044816999999999996,13.0581105,2.6028825,0.019285,8.9631805,0.1551245,42.928580000000004,9.338514,0.0,0.0,0.0,0.0,0.0,0.0,0.0,0.0,3.170976
2019_전라남도,0.051094999999999995,14.4421175,2.9631375,0.021475,10.2055675,0.1676075,48.4503,10.66799,0.0,0.0,0.0,0.0,0.0,0.0,0.0,0.0,3.6241600000000003
2019_전라북도,0.057932,15.949358,3.35547,0.02386,11.558578,0.181202,54.463680000000004,12.115844,0.0,0.0,0.0,0.0,0.0,0.0,0.0,0.0,4.1176960000000005
2019_제주도,0.044,12.878,2.556,0.019,8.8015,0.1535,42.21,9.1655,0.0,0.0,0.0,0.0,0.0,0.0,0.0,0.0,3.112
2019_충청남도,0.046794999999999996,13.4941675,2.7163875,0.019975,9.3546175,0.1590575,44.6683,9.75739,0.0,0.0,0.0,0.0,0.0,0.0,0.0,0.0,3.3137600000000003
2019_충청북도,0.058831999999999995,16.138232,3.407022,0.024162999999999997,11.7364015,0.1827935,55.244730000000004,12.306891499999999,0.0,0.0,0.0,0.0,0.0,0.0,0.0,0.0,4.182856
